isin,name,nse,bse,yahoo,industry_group,industry,price,mcap_cr
INE002A01018,Reliance Industries,RELIANCE,500325,RELIANCE.NS,Petroleum Products,Refineries & Marketing,1316,1780881.61
INE397D01024,Bharti Airtel,BHARTIARTL,532454,BHARTIARTL.NS,Telecom - Services,Telecom - Cellular & Fixed line services,1946,1214401.51
INE040A01034,HDFC Bank,HDFCBANK,500180,HDFCBANK.NS,Banks,Private Sector Bank,726.95,1120311.43
INE090A01021,ICICI Bank,ICICIBANK,532174,ICICIBANK.NS,Banks,Private Sector Bank,1420,1019048.09
INE062A01020,SBI,SBIN,500112,SBIN.NS,Banks,Public Sector Bank,1048.7,968014.87
INE467B01029,TCS,TCS,532540,TCS.NS,IT - Software,Computers - Software & Consulting,2302,832883.75
INE296A01032,Bajaj Finance,BAJFINANCE,500034,BAJFINANCE.NS,Finance,Non Banking Financial Company (NBFC),1095,681742
INE018A01030,Larsen & Toubro,LT,500510,LT.NS,Construction,Civil Construction,4093,563141.99
INE0J1Y01017,Life Insurance,LICI,543526,LICI.NS,Insurance,Life Insurance,422.25,534146.06
INE030A01027,Hind. Unilever,HINDUNILVR,500696,HINDUNILVR.NS,Diversified FMCG,Diversified FMCG,2015,473442.64
INE044A01036,Sun Pharma.Inds.,SUNPHARMA,524715,SUNPHARMA.NS,Pharmaceuticals & Biotechnology,Pharmaceuticals,1902.4,456449.48
INE009A01021,Infosys,INFY,500209,INFY.NS,IT - Software,Computers - Software & Consulting,1121,454908.14
INE280A01028,Titan Company,TITAN,500114,TITAN.NS,Consumer Durables,"Gems, Jewellery And Watches",5086.1,451536.92
INE585B01010,Maruti Suzuki,MARUTI,532500,MARUTI.NS,Automobiles,Passenger Cars & Utility Vehicles,13565,426487.09
INE101A01026,M & M,M&M,500520,M&M.NS,Automobiles,Passenger Cars & Utility Vehicles,3412.2,424316.91
INE423A01024,Adani Enterp.,ADANIENT,512599,ADANIENT.NS,Metals & Minerals Trading,Trading - Minerals,2997,405622.85
INE237A01036,Kotak Mah. Bank,KOTAKBANK,500247,KOTAKBANK.NS,Banks,Private Sector Bank,402.8,400691.58
INE814H01029,Adani Power,ADANIPOWER,533096,ADANIPOWER.NS,Power,Integrated Power Utilities,205.5,396300.48
INE742F01042,Adani Ports,ADANIPORTS,532921,ADANIPORTS.NS,Transport Infrastructure,Port & Port services,1700,391673.05
INE238A01034,Axis Bank,AXISBANK,532215,AXISBANK.NS,Banks,Private Sector Bank,1245.8,387805.76
INE860A01027,HCL Technologies,HCLTECH,532281,HCLTECH.NS,IT - Software,Computers - Software & Consulting,1302.5,353454.88
INE481G01011,UltraTech Cem.,ULTRACEMCO,532538,ULTRACEMCO.NS,Cement & Cement Products,Cement & Cement Products,11570,340943.8
INE154A01025,ITC,ITC,500875,ITC.NS,Diversified FMCG,Diversified FMCG,269.4,337552.33
INE066F01020,Hind.Aeronautics,HAL,541154,HAL.NS,Aerospace & Defense,Aerospace & Defense,5000,334387.5
INE733E01010,NTPC,NTPC,532555,NTPC.NS,Power,Power Generation,340,329686.65
INE918I01026,Bajaj Finserv,BAJAJFINSV,532978,BAJAJFINSV.NS,Finance,Holding Company,2032.5,325618.97
INE917I01010,Bajaj Auto,BAJAJ-AUTO,532977,BAJAJ-AUTO.NS,Automobiles,2/3 Wheelers,11700,321520.49
INE758T01015,Eternal,ETERNAL,543320,ETERNAL.NS,Retailing,E-Retail/ E-Commerce,328,316531.5
INE019A01038,JSW Steel,JSWSTEEL,500228,JSWSTEEL.NS,Ferrous Metals,Iron & Steel,1293.7,316368.38
INE263A01024,Bharat Electron,BEL,500049,BEL.NS,Aerospace & Defense,Aerospace & Defense,414,302624.84
INE213A01029,O N G C,ONGC,500312,ONGC.NS,Oil,Oil Exploration & Production,236.4,297397.8
INE239A01024,Nestle India,NESTLEIND,500790,NESTLEIND.NS,Food Products,Packaged Foods,1477.1,284831.31
INE721A01047,Shriram Finance,SHRIRAMFIN,511218,SHRIRAMFIN.NS,Finance,Non Banking Financial Company (NBFC),1130,265887.14
INE192R01011,Avenue Super.,DMART,540376,DMART.NS,Retailing,Diversified Retail,3906,254767.28
INE752E01010,Power Grid Corpn,POWERGRID,532898,POWERGRID.NS,Power,Power - Transmission,272.4,253348.45
INE021A01026,Asian Paints,ASIANPAINT,500820,ASIANPAINT.NS,Consumer Durables,Paints,2640,253228.22
INE267A01025,Hindustan Zinc,HINDZINC,500188,HINDZINC.NS,Non - Ferrous Metals,Zinc,594.9,251364.23
INE522F01014,Coal India,COALINDIA,533278,COALINDIA.NS,Consumable Fuels,Coal,405.2,249713.75
INE038A01020,Hindalco Inds.,HINDALCO,500440,HINDALCO.NS,Non - Ferrous Metals,Aluminium,1034,232363.22
INE081A01020,Tata Steel,TATASTEEL,500470,TATASTEEL.NS,Ferrous Metals,Iron & Steel,183,228448.55
INE361B01024,Divi's Lab.,DIVISLAB,532488,DIVISLAB.NS,Pharmaceuticals & Biotechnology,Pharmaceuticals,8597,228223.34
INE047A01021,Grasim Inds,GRASIM,500300,GRASIM.NS,Cement & Cement Products,Cement & Cement Products,3308,225121.23
INE066A01021,Eicher Motors,EICHERMOT,505200,EICHERMOT.NS,Automobiles,2/3 Wheelers,8010,219891.89
INE364U01010,Adani Green,ADANIGREEN,541450,ADANIGREEN.NS,Power,Power Generation,1320,217427.25
INE494B01023,TVS Motor Co.,TVSMOTOR,532343,TVSMOTOR.NS,Automobiles,2/3 Wheelers,4390,208563.24
INE646L01027,Interglobe Aviat,INDIGO,539448,INDIGO.NS,Transport Services,Airline,5110,197586.63
INE242A01010,I O C L,IOC,530965,IOC.NS,Petroleum Products,Refineries & Marketing,135.9,191907.63
INE931S01010,Adani Energy Sol,ADANIENSOL,539254,ADANIENSOL.NS,Power,Power Distribution,1541.9,188567.35
INE685A01028,Torrent Pharma.,TORNTPHARM,500420,TORNTPHARM.NS,Pharmaceuticals & Biotechnology,Pharmaceuticals,4896.5,186247.12
INE0V6F01027,Hyundai Motor I,HYUNDAI,544274,HYUNDAI.NS,Automobiles,Passenger Cars & Utility Vehicles,2218.8,180286.62
INE343H01029,Solar Industries,SOLARINDS,532725,SOLARINDS.NS,Chemicals & Petrochemicals,Explosives,19900,180075.21
INE123W01016,SBI Life Insuran,SBILIFE,540719,SBILIFE.NS,Insurance,Life Insurance,1792.9,179874.67
INE075A01022,Wipro,WIPRO,507685,WIPRO.NS,IT - Software,Computers - Software & Consulting,180.79,179064.13
INE775A01035,Samvardh. Mothe.,MOTHERSON,517334,MOTHERSON.NS,Auto Components,Auto Components & Equipments,169.38,178771.15
INE1TAE01010,Tata Motors,TMCV,544569,TMCV.NS,"Agricultural, Commercial & Construction Vehicles",Commercial Vehicles,472.55,174026
INE1CDF01017,Vedanta Aluminium Metal,VAML,544780,VAML.NS,Non - Ferrous Metals,Aluminium,440.3,172174.39
INE271C01023,DLF,DLF,532868,DLF.NS,Realty,"Residential, Commercial Projects",678.1,167850.89
INE318A01026,Pidilite Inds.,PIDILITIND,500331,PIDILITIND.NS,Chemicals & Petrochemicals,Specialty Chemicals,1649,167833.63
INE346A01027,ICICI AMC,ICICIAMC,544658,ICICIAMC.NS,Capital Markets,Asset Management Company,3269.7,161607.71
INE758E01017,Jio Financial,JIOFIN,543940,JIOFIN.NS,Finance,Investment Company,244,161116.66
INE121A01024,Cholaman.Inv.&Fn,CHOLAFIN,511243,CHOLAFIN.NS,Finance,Non Banking Financial Company (NBFC),1862.9,159103.95
INE117A01022,A B B,ABB,500002,ABB.NS,Electrical Equipment,Heavy Electrical Equipment,7424,157320.78
INE849A01020,Trent,TRENT,500251,TRENT.NS,Retailing,Speciality Retail,2924,155917.12
INE669C01036,Tech Mahindra,TECHM,532755,TECHM.NS,IT - Software,Computers - Software & Consulting,1584,155245.43
INE976I01016,Tata Capital,TATACAP,544574,TATACAP.NS,Finance,Non Banking Financial Company (NBFC),365.05,154958.94
INE07Y701011,Hitachi Energy,POWERINDIA,543187,POWERINDIA.NS,Electrical Equipment,Heavy Electrical Equipment,34190,152392.92
INE669E01016,Vodafone Idea,IDEA,532822,IDEA.NS,Telecom - Services,Telecom - Cellular & Fixed line services,13.94,151030.19
INE200M01039,Varun Beverages,VBL,540180,VBL.NS,Beverages,Other Beverages,430.1,145479.82
INE257A01026,B H E L,BHEL,500103,BHEL.NS,Electrical Equipment,Heavy Electrical Equipment,413,143809.22
INE323A01026,Bosch,BOSCHLTD,500530,BOSCHLTD.NS,Auto Components,Auto Components & Equipments,48200,142171.2
INE298A01020,Cummins India,CUMMINSIND,500480,CUMMINSIND.NS,Industrial Products,"Compressors, Pumps & Diesel Engines",5107.5,141579.9
INE692A01016,Union Bank (I),UNIONBANK,532477,UNIONBANK.NS,Banks,Public Sector Bank,183.45,140038.49
INE003A01024,Siemens,SIEMENS,500550,SIEMENS.NS,Electrical Equipment,Heavy Electrical Equipment,3920,139599.24
INE067A01029,CG Power & Ind,CGPOWER,500093,CGPOWER.NS,Electrical Equipment,Heavy Electrical Equipment,867,136591.52
INE455K01017,Polycab India,POLYCAB,542652,POLYCAB.NS,Industrial Products,Cables - Electricals,8966,135096.66
INE029A01011,B P C L,BPCL,500547,BPCL.NS,Petroleum Products,Refineries & Marketing,311,134927.52
INE160A01022,Punjab Natl.Bank,PNB,532461,PNB.NS,Banks,Public Sector Bank,116.55,133950.25
INE214T01019,LTM,LTM,540005,LTM.NS,IT - Software,Computers - Software & Consulting,4487.8,133117.72
INE118H01025,BSE,BSE,,BSE.NS,Capital Markets,Exchange and Data Platform,3241,132005.63
INE216A01030,Britannia Inds.,BRITANNIA,500825,BRITANNIA.NS,Food Products,Packaged Foods,5365,129225.84
INE028A01039,Bank of Baroda,BANKBARODA,532134,BANKBARODA.NS,Banks,Public Sector Bank,247,127732.65
INE118A01012,Bajaj Holdings,BAJAJHLDNG,500490,BAJAJHLDNG.NS,Finance,Holding Company,11320,125980.28
INE437A01024,Apollo Hospitals,APOLLOHOSP,508869,APOLLOHOSP.NS,Healthcare Services,Hospital,8693,124992
INE670K01029,Lodha Developers,LODHA,543287,LODHA.NS,Realty,"Residential, Commercial Projects",1242,124097.97
INE0HOQ01053,Billionbrains,GROWW,544603,GROWW.NS,Capital Markets,Stockbroking & Allied,197.01,123596.13
INE1NPP01017,Siemens Ener.Ind,ENRIN,544390,ENRIN.NS,Electrical Equipment,Heavy Electrical Equipment,3435.6,122348.76
INE414G01012,Muthoot Finance,MUTHOOTFIN,533398,MUTHOOTFIN.NS,Finance,Non Banking Financial Company (NBFC),3022,121323.77
INE795G01014,HDFC Life Insur.,HDFCLIFE,540777,HDFCLIFE.NS,Insurance,Life Insurance,554.8,120528.91
INE134E01011,Power Fin.Corpn.,PFC,532810,PFC.NS,Finance,Financial Institution,363,119793.69
INE245A01021,Tata Power Co.,TATAPOWER,500400,TATAPOWER.NS,Power,Integrated Power Utilities,374.3,119601.56
INE562A01011,Indian Bank,INDIANB,532814,INDIANB.NS,Banks,Public Sector Bank,876.9,118115.27
INE476A01022,Canara Bank,CANBK,532483,CANBK.NS,Banks,Public Sector Bank,129.96,117882.18
INE155A01022,Tata Motors PVeh,TMPV,500570,TMPV.NS,Automobiles,Passenger Cars & Utility Vehicles,317.9,117079.12
INE059A01026,Cipla,CIPLA,500087,CIPLA.NS,Pharmaceuticals & Biotechnology,Pharmaceuticals,1432.2,115700.73
INE749A01030,Jindal Steel,JINDALSTEL,532286,JINDALSTEL.NS,Ferrous Metals,Iron & Steel,1127.8,115045.54
INE956O01016,Lenskart Solut.,LENSKART,544600,LENSKART.NS,Retailing,Speciality Retail,661.4,115037.71
INE158A01026,Hero Motocorp,HEROMOTOCO,500182,HEROMOTOCO.NS,Automobiles,2/3 Wheelers,5735,114780.98
INE854D01024,United Spirits,UNITDSPR,532432,UNITDSPR.NS,Beverages,Breweries & Distilleries,1556,113175.79
INE129A01019,GAIL (India),GAIL,532155,GAIL.NS,Gas,Gas Transmission/Marketing,172,113091.71
INE674K01013,Aditya Birla Cap,ABCAPITAL,540691,ABCAPITAL.NS,Finance,Investment Company,413,113039.99
INE053F01010,I R F C,IRFC,543257,IRFC.NS,Finance,Financial Institution,86.4,112911.89
INE640G01020,SBI Funds Mgt.,SBIFUNDS,544829,SBIFUNDS.NS,Capital Markets,Asset Management Company,549.55,111933.86
INE127D01025,HDFC AMC,HDFCAMC,541729,HDFCAMC.NS,Capital Markets,Asset Management Company,2610,111919.55
INE010B01027,Zydus Lifesci.,ZYDUSLIFE,532321,ZYDUSLIFE.NS,Pharmaceuticals & Biotechnology,Pharmaceuticals,1120,111720.43
INE196A01026,Marico,MARICO,531642,MARICO.NS,Agricultural Food & other Products,Edible Oil,849.25,110265.59
INE324D01010,LG Electronics,LGEINDIA,544576,LGEINDIA.NS,Consumer Durables,Household Appliances,1623.3,110185.12
INE205A01025,Vedanta,VEDL,500295,VEDL.NS,Diversified Metals,Diversified Metals,279,109099.83
INE200A01026,GE Vernova T&D,GVT&D,522275,GVT&D.NS,Electrical Equipment,Heavy Electrical Equipment,4127.2,105676.96
INE776C01039,GMR Airports,GMRAIRPORT,532754,GMRAIRPORT.NS,Transport Infrastructure,Airport & Airport services,99.63,105199.08
INE281B01032,Lloyds Metals,LLOYDSME,512455,LLOYDSME.NS,Minerals & Mining,Industrial Minerals,1865.9,105032.81
INE982J01020,One 97,PAYTM,543396,PAYTM.NS,Financial Technology (Fintech),Financial Technology (Fintech),1632,104632.92
INE053A01029,Indian Hotels Co,INDHOTEL,500850,INDHOTEL.NS,Leisure Services,Hotels & Resorts,730,103910.55
INE192A01025,Tata Consumer,TATACONSUM,500800,TATACONSUM.NS,Agricultural Food & other Products,Tea & Coffee,1049,103818.48
INE079A01024,Ambuja Cements,AMBUJACEM,500425,AMBUJACEM.NS,Cement & Cement Products,Cement & Cement Products,414.5,102995.67
INE249Z01020,Mazagon Dock,MAZDOCK,543237,MAZDOCK.NS,Industrial Manufacturing,Ship Building & Allied Services,2552,102942.58
INE881D01027,Oracle Fin.Serv.,OFSS,532466,OFSS.NS,IT - Software,Software Products,11724,102096.26
INE208A01029,Ashok Leyland,ASHOKLEY,500477,ASHOKLEY.NS,"Agricultural, Commercial & Construction Vehicles",Commercial Vehicles,173,101617.68
INE326A01037,Lupin,LUPIN,500257,LUPIN.NS,Pharmaceuticals & Biotechnology,Pharmaceuticals,2201.8,100673.46
INE121E01018,JSW Energy,JSWENERGY,533148,JSWENERGY.NS,Power,Power Generation,544.95,99915.64
INE121J01017,Indus Towers,INDUSTOWER,534816,INDUSTOWER.NS,Telecom - Services,Telecom - Infrastructure,375.75,99128.97
INE465A01025,Bharat Forge,BHARATFORG,500493,BHARATFORG.NS,Auto Components,Auto Components & Equipments,2063,98629.68
INE634S01028,Mankind Pharma,MANKIND,543904,MANKIND.NS,Pharmaceuticals & Biotechnology,Pharmaceuticals,2384,98458.24
INE089A01031,Dr Reddy's Labs,DRREDDY,500124,DRREDDY.NS,Pharmaceuticals & Biotechnology,Pharmaceuticals,1174.7,98049.37
INE947Q01028,Laurus Labs,LAURUSLABS,540222,LAURUSLABS.NS,Pharmaceuticals & Biotechnology,Pharmaceuticals,1802,97364.26
INE027H01010,Max Healthcare,MAXHEALTH,543220,MAXHEALTH.NS,Healthcare Services,Hospital,1000,97327.65
INE388Y01029,FSN E-Commerce,NYKAA,543384,NYKAA.NS,Retailing,E-Retail/ E-Commerce,334,95661.41
INE102D01028,Godrej Consumer,GODREJCP,532424,GODREJCP.NS,Personal Products,Personal Care,933,95474.35
INE0VDM01015,Meesho,MEESHO,544632,MEESHO.NS,Retailing,E-Retail/ E-Commerce,205.69,95102.2
INE406A01037,Aurobindo Pharma,AUROPHARMA,524804,AUROPHARMA.NS,Pharmaceuticals & Biotechnology,Pharmaceuticals,1621.3,94165.37
INE459N01021,Manipal Health,MANIPALHOS,544847,MANIPALHOS.NS,Healthcare Services,Hospital,715.3,94088.93
INE935N01020,Dixon Technolog.,DIXON,540699,DIXON.NS,Consumer Durables,Consumer Electronics,14850,90796.06
INE262H01021,Persistent Systems,PERSISTENT,533179,PERSISTENT.NS,IT - Software,Computers - Software & Consulting,5667.5,89404.81
INE171A01029,Federal Bank,FEDERALBNK,500469,FEDERALBNK.NS,Banks,Private Sector Bank,361,89232.42
INE008A01015,IDBI Bank,IDBI,500116,IDBI.NS,Banks,Private Sector Bank,82.24,88427.76
INE070A01015,Shree Cement,SHREECEM,500387,SHREECEM.NS,Cement & Cement Products,Cement & Cement Products,24280,87604.06
INE663F01032,Info Edg.(India),NAUKRI,532777,NAUKRI.NS,Retailing,Internet & Catalogue Retail,1350.1,87543.27
INE020B01018,REC Ltd,RECLTD,532955,RECLTD.NS,Finance,Financial Institution,326.65,86014.26
INE591G01025,Coforge,COFORGE,532541,COFORGE.NS,IT - Software,Computers - Software & Consulting,1891.7,83787.27
INE949L01017,AU Small Finance,AUBANK,540611,AUBANK.NS,Banks,Other Bank,1108.2,83107.34
INE417T01026,PB Fintech.,POLICYBZR,543390,POLICYBZR.NS,Financial Technology (Fintech),Financial Technology (Fintech),1795.2,83062.98
INE745G01043,Multi Comm. Exc.,MCX,534091,MCX.NS,Capital Markets,Exchange and Data Platform,3185,81214.9
INE765G01017,ICICI Lombard,ICICIGI,540716,ICICIGI.NS,Insurance,General Insurance,1617,80773.56
INE298J01013,Nippon Life Ind.,NAM-INDIA,540767,NAM-INDIA.NS,Capital Markets,Asset Management Company,1251,80028.73
INE176B01034,Havells India,HAVELLS,517354,HAVELLS.NS,Consumer Durables,Consumer Electronics,1268,79574.82
INE343G01021,Bharti Hexacom,BHARTIHEXA,544162,BHARTIHEXA.NS,Telecom - Services,Telecom - Cellular & Fixed line services,1591.2,79560
INE498L01015,L&T Finance Ltd,LTF,533519,LTF.NS,Finance,Non Banking Financial Company (NBFC),317.15,79479.24
INE095A01012,IndusInd Bank,INDUSINDBK,532187,INDUSINDBK.NS,Banks,Private Sector Bank,1005.6,78350.37
INE880J01026,JSW Infrast,JSWINFRA,543994,JSWINFRA.NS,Transport Infrastructure,Port & Port services,335.7,78218.15
INE00H001014,Swiggy,SWIGGY,544285,SWIGGY.NS,Retailing,E-Retail/ E-Commerce,282.5,77978.86
INE094A01015,H P C L,HINDPETRO,500104,HINDPETRO.NS,Petroleum Products,Refineries & Marketing,363.25,77293.15
INE274J01014,Oil India,OIL,533106,OIL.NS,Oil,Oil Exploration & Production,475,77263.87
INE0ONG01011,NTPC Green Ene.,NTPCGREEN,544289,NTPCGREEN.NS,Power,Power Generation,91.43,77041.93
INE377N01017,Waaree Energies,WAAREEENER,544277,WAAREEENER.NS,Electrical Equipment,Other Electrical Equipment,2678.2,77038.78
INE848E01016,NHPC Ltd,NHPC,533098,NHPC.NS,Power,Power Generation,76.15,76492.94
INE647A01010,SRF,SRF,503806,SRF.NS,Chemicals & Petrochemicals,Commodity Chemicals,2571.9,76237.5
INE092T01019,IDFC First Bank,IDFCFIRSTB,539437,IDFCFIRSTB.NS,Banks,Private Sector Bank,86.75,74789.08
INE726G01019,ICICI Pru Life,ICICIPRULI,540133,ICICIPRULI.NS,Insurance,Life Insurance,515,74716.75
INE584A01023,NMDC,NMDC,526371,NMDC.NS,Minerals & Mining,Industrial Minerals,84.61,74387.57
INE405E01023,Uno Minda,UNOMINDA,532539,UNOMINDA.NS,Auto Components,Auto Components & Equipments,1265,73049.6
INE139A01034,Natl. Aluminium,NATIONALUM,532234,NATIONALUM.NS,Non - Ferrous Metals,Aluminium,394.45,72445.94
INE114A01011,S A I L,SAIL,500113,SAIL.NS,Ferrous Metals,Iron & Steel,173.46,71648.09
INE528G01035,Yes Bank,YESBANK,532648,YESBANK.NS,Banks,Private Sector Bank,22.8,71564.15
INE399L01023,Adani Total Gas,ATGL,542066,ATGL.NS,Gas,LPG/CNG/PNG/LNG Supplier,646.1,71058.73
INE016A01026,Dabur India,DABUR,500096,DABUR.NS,Personal Products,Personal Care,400.5,71046.98
INE377Y01014,Bajaj Housing,BAJAJHFL,544252,BAJAJHFL.NS,Finance,Housing Finance Company,84.85,70699.86
INE372A01015,Apar Inds.,APARINDS,532259,APARINDS.NS,Electrical Equipment,Other Electrical Equipment,16856,70580.01
INE811K01011,Prestige Estates,PRESTIGE,533274,PRESTIGE.NS,Realty,"Residential, Commercial Projects",1631,70252.1
INE211B01039,Phoenix Mills,PHOENIXLTD,503100,PHOENIXLTD.NS,Realty,"Residential, Commercial Projects",1930,69029.1
INE093I01010,Oberoi Realty,OBEROIRLTY,533273,OBEROIRLTY.NS,Realty,"Residential, Commercial Projects",1886,68575.38
INE061F01013,Fortis Health.,FORTIS,532843,FORTIS.NS,Healthcare Services,Hospital,907.1,68482.25
INE376G01013,Biocon,BIOCON,532523,BIOCON.NS,Pharmaceuticals & Biotechnology,Pharmaceuticals,415.55,67721.94
INE914M01019,Aster DM Quality,ASTERDM,540975,ASTERDM.NS,Healthcare Services,Hospital,761.55,66382.21
INE935A01035,Glenmark Pharma.,GLENMARK,532296,GLENMARK.NS,Pharmaceuticals & Biotechnology,Pharmaceuticals,2317.9,65416.86
INE084A01016,Bank of India,BANKINDIA,532149,BANKINDIA.NS,Banks,Public Sector Bank,142.79,65007.54
INE540L01014,Alkem Lab,ALKEM,539523,ALKEM.NS,Pharmaceuticals & Biotechnology,Pharmaceuticals,5400,64565.1
INE040H01021,Suzlon Energy,SUZLON,532667,SUZLON.NS,Electrical Equipment,Heavy Electrical Equipment,46.71,63690.89
INE565A01014,I O B,IOB,532388,IOB.NS,Banks,Public Sector Bank,33.01,63566
INE813H01021,Torrent Power,TORNTPOWER,532779,TORNTPOWER.NS,Power,Integrated Power Utilities,1247.7,62872.05
INE513A01022,Schaeffler India,SCHAEFFLER,505790,SCHAEFFLER.NS,Auto Components,Auto Components & Equipments,4017.9,62801.25
INE481Y01014,General Insuranc,GICRE,540755,GICRE.NS,Insurance,General Insurance,355.75,62412.78
INE303R01014,Kalyan Jewellers,KALYANKJIL,543278,KALYANKJIL.NS,Consumer Durables,"Gems, Jewellery And Watches",603.55,62331.68
INE944F01028,Radico Khaitan,RADICO,532497,RADICO.NS,Beverages,Breweries & Distilleries,4639.8,62165.15
INE018E01016,SBI Cards,SBICARD,543066,SBICARD.NS,Finance,Non Banking Financial Company (NBFC),649,61761.6
INE457A01014,Bank of Maha,MAHABANK,532525,MAHABANK.NS,Banks,Public Sector Bank,80.26,61732.42
INE484J01027,Godrej Propert.,GODREJPROP,533150,GODREJPROP.NS,Realty,"Residential, Commercial Projects",2035,61299.59
INE463A01038,Berger Paints,BERGEPAINT,509480,BERGEPAINT.NS,Consumer Durables,Paints,524.4,61145.19
INE191B01025,Welspun Corp,WELCORP,532144,WELCORP.NS,Industrial Products,Iron & Steel Products,2311.9,60985.76
INE976G01028,RBL Bank,RBLBANK,540065,RBLBANK.NS,Banks,Private Sector Bank,392.5,60841.74
INE338I01027,Motil.Oswal.Fin.,MOTILALOFS,532892,MOTILALOFS.NS,Capital Markets,Stockbroking & Allied,990,59630
INE702C01027,APL Apollo Tubes,APLAPOLLO,533758,APLAPOLLO.NS,Industrial Products,Iron & Steel Products,2139,59391.13
INE169A01031,Coromandel Inter,COROMANDEL,506395,COROMANDEL.NS,Fertilizers & Agrochemicals,Fertilizers,1996.1,58888.23
INE220G01021,Jindal Stain.,JSL,532508,JSL.NS,Ferrous Metals,Iron & Steel,701.35,57820.67
INE756I01012,HDB FINANC SER,HDBFS,544429,HDBFS.NS,Finance,Non Banking Financial Company (NBFC),695.85,57800.36
INE0LEZ01016,Ather Energy,ATHERENERG,544397,ATHERENERG.NS,Automobiles,2/3 Wheelers,1462,57674.9
INE473A01011,Linde India,LINDEINDIA,523457,LINDEINDIA.NS,Chemicals & Petrochemicals,Industrial Gases,6672,56898.82
INE883A01011,MRF,MRF,500290,MRF.NS,Auto Components,Tyres & Rubber Products,132665,56265.12
INE974X01010,Tube Investments,TIINDIA,540762,TIINDIA.NS,Auto Components,Auto Components & Equipments,2885.8,55861.1
INE358A01014,Abbott India,ABBOTINDIA,500488,ABBOTINDIA.NS,Pharmaceuticals & Biotechnology,Pharmaceuticals,26230,55738.75
INE531E01026,Hindustan Copper,HINDCOPPER,513599,HINDCOPPER.NS,Non - Ferrous Metals,Copper,572.7,55381.47
INE180A01020,Max Financial,MFSL,500271,MFSL.NS,Insurance,Life Insurance,1585,54700.69
INE774D01024,M & M Fin. Serv.,M&MFIN,532720,M&MFIN.NS,Finance,Non Banking Financial Company (NBFC),381.6,53041.3
INE878B01027,KEI Industries,KEI,517569,KEI.NS,Industrial Products,Cables - Electricals,5527.6,52844.18
INE1JAR25012,Knowledge Realty,KRT,544481,KRT.NS,Realty,Real Estate Investment Trusts (REITs),115.99,51434.6
INE259A01022,Colgate-Palmoliv,COLPAL,500830,COLPAL.NS,Personal Products,Personal Care,1889,51378.09
INE073K01018,Sona BLW Precis.,SONACOMS,543300,SONACOMS.NS,Auto Components,Auto Components & Equipments,817.6,51009.3
INE09N301011,Gujarat Fluoroch,FLUOROCHEM,542812,FLUOROCHEM.NS,Chemicals & Petrochemicals,Specialty Chemicals,4621.9,50771.57
INE188A01015,F A C T,FACT,590024,FACT.NS,Fertilizers & Agrochemicals,Fertilizers,783.3,50685.15
INE660A01013,Sundaram Finance,SUNDARMFIN,590071,SUNDARMFIN.NS,Finance,Non Banking Financial Company (NBFC),4534.5,50380.05
INE171Z01026,Bharat Dynamics,BDL,541143,BDL.NS,Aerospace & Defense,Aerospace & Defense,1359,49815.84
INE208C01025,Aegis Logistics,AEGISLOG,500003,AEGISLOG.NS,Gas,Trading - Gas,1417.9,49768.29
INE202B01038,Piramal Finance.,PIRAMALFIN,544597,PIRAMALFIN.NS,Finance,Housing Finance Company,2180.8,49433.87
INE159A01016,Glaxosmi. Pharma,GLAXO,500660,GLAXO.NS,Pharmaceuticals & Biotechnology,Pharmaceuticals,2902.2,49165.02
INE0CZ201020,Anthem Bioscienc,ANTHEM,544449,ANTHEM.NS,Pharmaceuticals & Biotechnology,Biotechnology,871.45,49081.66
INE466L01038,360 ONE,360ONE,542772,360ONE.NS,Capital Markets,Stockbroking & Allied,1199,48866.98
INE571A01038,Ipca Labs.,IPCALAB,524494,IPCALAB.NS,Pharmaceuticals & Biotechnology,Pharmaceuticals,1911.2,48487.95
INE01EA01019,Vishal Mega Mart,VMM,544307,VMM.NS,Retailing,Diversified Retail,103.43,48454.98
INE628A01036,UPL,UPL,512070,UPL.NS,Fertilizers & Agrochemicals,Pesticides & Agrochemicals,569,48018.2
INE0BS701011,Premier Energies,PREMIERENE,544238,PREMIERENE.NS,Electrical Equipment,Other Electrical Equipment,1053,47801.09
INE152A01029,Thermax,THERMAX,500411,THERMAX.NS,Electrical Equipment,Heavy Electrical Equipment,3967.8,47278.84
INE151A01013,Tata Comm,TATACOMM,500483,TATACOMM.NS,Telecom - Services,Telecom - Cellular & Fixed line services,1655.4,47181.67
INE415G01027,Rail Vikas,RVNL,542649,RVNL.NS,Construction,Civil Construction,225.3,46975.5
INE206F01022,Authum Invest,AIIL,539177,AIIL.NS,Finance,Non Banking Financial Company (NBFC),552.25,46898.48
INE068V01023,Gland Pharma,GLAND,543245,GLAND.NS,Pharmaceuticals & Biotechnology,Pharmaceuticals,2819.3,46509.05
INE356A01018,Mphasis,MPHASIS,526299,MPHASIS.NS,IT - Software,Computers - Software & Consulting,2430,46382.88
INE195A01028,Supreme Inds.,SUPREMEIND,509930,SUPREMEIND.NS,Industrial Products,Plastic Products - Industrial,3642,46263.19
INE031B01049,Ajanta Pharma,AJANTPHARM,532331,AJANTPHARM.NS,Pharmaceuticals & Biotechnology,Pharmaceuticals,3639.8,45482.59
INE787D01026,Balkrishna Inds,BALKRISIND,502355,BALKRISIND.NS,Auto Components,Tyres & Rubber Products,2350.8,45445.01
INE347G01014,Petronet LNG,PETRONET,532522,PETRONET.NS,Gas,LPG/CNG/PNG/LNG Supplier,293,43950
INE084101034,Indo-MIM,INDOMIM,544837,INDOMIM.NS,Industrial Manufacturing,Industrial Products,882.1,43618.16
INE511C01022,Poonawalla Fin,POONAWALLA,524000,POONAWALLA.NS,Finance,Non Banking Financial Company (NBFC),490.05,43149.5
INE913H01037,Endurance Tech.,ENDURANCE,540153,ENDURANCE.NS,Auto Components,Auto Components & Equipments,3029.5,42613.81
INE048G01026,Navin Fluo.Intl.,NAVINFLUOR,532504,NAVINFLUOR.NS,Chemicals & Petrochemicals,Specialty Chemicals,8206.5,42104.69
INE233A01035,Godrej Industrie,GODREJIND,500164,GODREJIND.NS,Diversified,Diversified,1230,41432.68
INE041025011,Embassy Off.REIT,EMBASSY,542602,EMBASSY.NS,Realty,Real Estate Investment Trusts (REITs),436.08,41335.75
INE819V01029,Aditya Infotech,CPPLUS,544466,CPPLUS.NS,Industrial Manufacturing,Industrial Products,3475.5,41115.32
INE006I01046,Astral,ASTRAL,532830,ASTRAL.NS,Industrial Products,Plastic Products - Industrial,1528.5,41063.18
INE226A01021,Voltas,VOLTAS,500575,VOLTAS.NS,Consumer Durables,Household Appliances,1235,40864.27
INE212H01026,AIA Engineering,AIAENG,532683,AIAENG.NS,Industrial Products,Castings & Forgings,4348.9,40584.1
INE823G01014,J K Cements,JKCEMENT,532644,JKCEMENT.NS,Cement & Cement Products,Cement & Cement Products,5250,40565.83
INE761H01022,Page Industries,PAGEIND,532827,PAGEIND.NS,Textiles & Apparels,Garments & Apparels,35480,39573.94
INE930H01031,K P R Mill Ltd,KPRMILL,532889,KPRMILL.NS,Textiles & Apparels,Other Textile Products,1151.6,39363.3
INE111A01025,Container Corpn.,CONCOR,531344,CONCOR.NS,Transport Services,Logistics Solution Provider,515.05,39227.13
INE302A01020,Exide Inds.,EXIDEIND,500086,EXIDEIND.NS,Auto Components,Auto Components & Equipments,459.6,39066
INE704P01025,Cochin Shipyard,COCHINSHIP,540678,COCHINSHIP.NS,Industrial Manufacturing,Ship Building & Allied Services,1480.5,38949.11
INE335Y01020,I R C T C,IRCTC,542830,IRCTC.NS,Leisure Services,"Tour, Travel Related Services",484.2,38736
INE509F01029,Cupid,CUPID,530843,CUPID.NS,Personal Products,Personal Care,284.58,38266.35
INE010V01017,L&T Technology,LTTS,540115,LTTS.NS,IT - Services,IT Enabled Services,3604.6,38236.71
INE470A01017,3M India,3MINDIA,523395,3MINDIA.NS,Diversified,Diversified,33640,37912.28
INE474Q01031,Global Health,MEDANTA,543654,MEDANTA.NS,Healthcare Services,Hospital,1409.7,37902.85
INE603J01030,P I Industries,PIIND,523642,PIIND.NS,Fertilizers & Agrochemicals,Pesticides & Agrochemicals,2496.8,37880.98
INE619A01035,Patanjali Foods,PATANJALI,500368,PATANJALI.NS,Agricultural Food & other Products,Edible Oil,348,37866.18
INE589A01014,NLC India,NLCINDIA,513683,NLCINDIA.NS,Power,Power Generation,269.8,37411.46
INE031A01017,H U D C O,HUDCO,540530,HUDCO.NS,Finance,Financial Institution,186.09,37253.36
INE410P01011,Narayana Hrudaya,NH,539551,NH.NS,Healthcare Services,Hospital,1815.8,37107.83
INE2OVN25015,Bagmane Prime REIT,BAGMANE,544758,BAGMANE.NS,Realty,Real Estate Investment Trusts (REITs),107.4,36516
INE463V01026,Anand Rathi Wea.,ANANDRATHI,543415,ANANDRATHI.NS,Capital Markets,Financial Products Distributor,2188,36329.83
INE686F01025,United Breweries,UBL,532478,UBL.NS,Beverages,Breweries & Distilleries,1348.9,35665.61
INE168P01015,Emcure Pharma,EMCURE,544210,EMCURE.NS,Pharmaceuticals & Biotechnology,Pharmaceuticals,1863,35337.41
INE00R701025,Dalmia BharatLtd,DALBHARAT,542216,DALBHARAT.NS,Cement & Cement Products,Cement & Cement Products,1880,35262.4
INE0LP301011,Physicswallah,PWL,544609,PWL.NS,Other Consumer Services,E-Learning,120.83,35051.41
INE548A01028,HFCL,HFCL,500183,HFCL.NS,Telecom - Services,Telecom - Infrastructure,228.01,34899.27
INE042A01014,Escorts Kubota,ESCORTS,500495,ESCORTS.NS,"Agricultural, Commercial & Construction Vehicles",Tractors,3086.6,34532.19
INE379A01028,ITC Hotels,ITCHOTELS,544325,ITCHOTELS.NS,Leisure Services,Hotels & Resorts,164.98,34365.43
INE575P01011,Star Health Insu,STARHEALTH,543412,STARHEALTH.NS,Insurance,General Insurance,578.5,34051.88
INE148O01028,Delhivery,DELHIVERY,543529,DELHIVERY.NS,Transport Services,Logistics Solution Provider,450.7,33764.95
INE0H7R23014,National High,NHIT,543385,NHIT.NS,Transport Infrastructure,"Road AssetsToll, Annuity, Hybrid-Annuity",174,33701.2
INE522D01027,Manappuram Fin.,MANAPPURAM,531213,MANAPPURAM.NS,Finance,Non Banking Financial Company (NBFC),357.5,33581.27
INE797F01020,Jubilant Food.,JUBLFOOD,533155,JUBLFOOD.NS,Leisure Services,Restaurants,506.75,33437.66
INE142M01025,Tata Technolog.,TATATECH,544028,TATATECH.NS,IT - Services,IT Enabled Services,820.75,33326.7
INE260B01028,Godfrey Phillips,GODFRYPHLP,500163,GODFRYPHLP.NS,Cigarettes & Tobacco Products,Cigarettes & Tobacco Products,2117,33021.34
INE019C01026,Himadri Special,HSCL,500184,HSCL.NS,Chemicals & Petrochemicals,Carbon Black,654.4,33019.33
INE777K01022,R R Kabel,RRKABEL,543981,RRKABEL.NS,Industrial Products,Cables - Electricals,2919.3,33018.89
INE007A01025,CRISIL,CRISIL,500092,CRISIL.NS,Finance,Other Financial Services,4514.5,33014.55
INE967H01025,Krishna Institu.,KIMS,543308,KIMS.NS,Healthcare Services,Hospital,782.5,32865.51
INE672A01026,Tata Inv.Corpn.,TATAINVEST,501301,TATAINVEST.NS,Finance,Investment Company,647.95,32783.22
INE0CCU25019,Mindspace Busine,MINDSPACE,543217,MINDSPACE.NS,Realty,Real Estate Investment Trusts (REITs),494.98,32767.35
INE093A01041,Hexaware Tech.,HEXT,544362,HEXT.NS,IT - Software,Computers - Software & Consulting,532.45,32533.55
INE671A01010,Honeywell Auto,HONAUT,517174,HONAUT.NS,Industrial Manufacturing,Industrial Products,36700,32442.8
INE036D01028,Karur Vysya Bank,KARURVYSYA,590003,KARURVYSYA.NS,Banks,Private Sector Bank,335.5,32427.83
INE202E01016,Indian Renewable,IREDA,544026,IREDA.NS,Finance,Financial Institution,115,32306.16
INE691A01018,UCO Bank,UCOBANK,532505,UCOBANK.NS,Banks,Public Sector Bank,25.72,32251.75
INE089C01029,Sterlite Tech.,STLTECH,532374,STLTECH.NS,Telecom -  Equipment & Accessories,Telecom -  Equipment & Accessories,627.15,32229.94
INE531F01023,Nuvama Wealth,NUVAMA,543988,NUVAMA.NS,Capital Markets,Stockbroking & Allied,1743.6,32015.21
INE0NT901020,Netweb Technol.,NETWEB,543945,NETWEB.NS,IT - Services,IT Enabled Services,5601,31892.48
INE600L01024,Dr Lal Pathlabs,LALPATHLAB,539524,LALPATHLAB.NS,Healthcare Services,Healthcare Service Provider,1894.2,31793.92
INE472A01039,Blue Star,BLUESTARCO,500067,BLUESTARCO.NS,Consumer Durables,Household Appliances,1511.9,31086.9
INE103A01014,M R P L,MRPL,500109,MRPL.NS,Petroleum Products,Refineries & Marketing,176.81,30987.7
INE570L01029,Sai Life,SAILIFE,544306,SAILIFE.NS,Pharmaceuticals & Biotechnology,Pharmaceuticals,1457.4,30939.86
INE596F01018,PTC Industries,PTCIL,539006,PTCIL.NS,Industrial Products,Castings & Forgings,20629,30928.13
INE115Q01022,Inventurus Knowl,IKS,544309,IKS.NS,IT - Services,IT Enabled Services,1786.2,30662.47
INE049B01025,Wockhardt,WOCKPHARMA,532300,WOCKPHARMA.NS,Pharmaceuticals & Biotechnology,Pharmaceuticals,1886.3,30650.9
INE0INX01018,Aegis Vopak Term,AEGISVOPAK,544407,AEGISVOPAK.NS,Oil,Oil Storage & Transportation,276.3,30613.8
INE146L01010,Kirloskar Oil,KIRLOSENG,533293,KIRLOSENG.NS,Industrial Products,"Compressors, Pumps & Diesel Engines",2100.8,30570.81
INE572E01012,PNB Housing,PNBHOUSING,540173,PNBHOUSING.NS,Finance,Housing Finance Company,1170.3,30496.84
INE470Y01017,New India Assura,NIACL,540769,NIACL.NS,Insurance,General Insurance,184.13,30344.62
INE342J01019,ZF Commercial,ZFCVINDIA,533023,ZFCVINDIA.NS,Auto Components,Auto Components & Equipments,2662,30295.03
INE01NH01023,Dhoot Transmission,DHOOTTRANS,544867,DHOOTTRANS.NS,Auto Components,Auto Components & Equipments,1478.95,30251.63
INE794A01010,Neuland Labs.,NEULANDLAB,524558,NEULANDLAB.NS,Pharmaceuticals & Biotechnology,Pharmaceuticals,23301,29894.92
INE382Z01011,Garden Reach Sh.,GRSE,542011,GRSE.NS,Aerospace & Defense,Aerospace & Defense,2601.5,29800.7
INE149A01033,Chola Financial,CHOLAHLDNG,504973,CHOLAHLDNG.NS,Finance,Investment Company,1561.8,29327.08
INE404A01024,Aditya AMC,ABSLAMC,543374,ABSLAMC.NS,Capital Markets,Asset Management Company,1008.4,29169.36
INE839M01018,Schneider Elect.,SCHNEIDER,534139,SCHNEIDER.NS,Electrical Equipment,Heavy Electrical Equipment,1217.3,29105.64
INE736A01011,C D S L,CDSL,,CDSL.NS,Capital Markets,"Depositories, Clearing Houses and Other Intermediaries",1388.9,29028.01
INE530B01024,IIFL Finance,IIFL,532636,IIFL.NS,Finance,Non Banking Financial Company (NBFC),679.8,28917.4
INE506V01022,Rubicon Research,RUBICON,544578,RUBICON.NS,Pharmaceuticals & Biotechnology,Pharmaceuticals,1724.7,28549.29
INE0DK501011,Piramal Pharma,PPLPHARMA,543635,PPLPHARMA.NS,Pharmaceuticals & Biotechnology,Pharmaceuticals,213.67,28446.92
INE0FDU25010,Brookfield India,BIRET,543261,BIRET.NS,Realty,Real Estate Investment Trusts (REITs),342.56,28428.4
INE622W01025,ACME Solar Hold.,ACMESOLAR,544283,ACMESOLAR.NS,Power,Power Generation,401.6,28388.07
INE483A01010,Central Bank,CENTRALBK,532885,CENTRALBK.NS,Banks,Public Sector Bank,31.29,28321.83
INE545U01014,Bandhan Bank,BANDHANBNK,541153,BANDHANBNK.NS,Banks,Private Sector Bank,175.1,28210.56
INE105A01035,TVS Holdings,TVSHLTD,520056,TVSHLTD.NS,Finance,Investment Company,13899,28120.6
INE438A01022,Apollo Tyres,APOLLOTYRE,500877,APOLLOTYRE.NS,Auto Components,Tyres & Rubber Products,439.7,27925.39
INE00LO01017,Craftsman Auto,CRAFTSMAN,543276,CRAFTSMAN.NS,Auto Components,Auto Components & Equipments,10644.5,27840.09
INE0DYJ01015,Syrma SGS Tech.,SYRMA,543573,SYRMA.NS,Industrial Manufacturing,Industrial Products,1439.3,27754.09
INE810G01011,Shyam Metalics,SHYAMMETL,543299,SHYAMMETL.NS,Industrial Products,Iron & Steel Products,984.9,27491.7
INE891D01026,Redington,REDINGTON,532805,REDINGTON.NS,Commercial Services & Supplies,Trading & Distributors,350.55,27405.1
INE115A01026,LIC Housing Fin.,LICHSGFIN,500253,LICHSGFIN.NS,Finance,Housing Finance Company,497,27338.13
INE0IX101010,Data Pattern,DATAPATTNS,543428,DATAPATTNS.NS,Aerospace & Defense,Aerospace & Defense,4829.9,27039.7
INE248A01017,ITI,ITI,523610,ITI.NS,Telecom -  Equipment & Accessories,Telecom -  Equipment & Accessories,279.25,26896.22
INE258G01013,Sumitomo Chemi.,SUMICHEM,542920,SUMICHEM.NS,Fertilizers & Agrochemicals,Pesticides & Agrochemicals,534.65,26686.83
INE179A01014,P & G Hygiene,PGHH,500459,PGHH.NS,Personal Products,Personal Care,8189,26582.1
INE732I01021,Angel One,ANGELONE,543235,ANGELONE.NS,Capital Markets,Stockbroking & Allied,287.8,26295.92
INE918Z01012,Kaynes Tech,KAYNES,543664,KAYNES.NS,Industrial Manufacturing,Industrial Products,3890,26149.55
INE002L01015,SJVN,SJVN,533206,SJVN.NS,Power,Power Generation,66.06,25960.23
INE00FF01025,Acutaas Chemical,ACUTAAS,543349,ACUTAAS.NS,Pharmaceuticals & Biotechnology,Pharmaceuticals,3169,25944.96
INE371P01015,Amber Enterp.,AMBER,540902,AMBER.NS,Consumer Durables,Household Appliances,7350,25921.81
INE387A01021,Sundram Fasten.,SUNDRMFAST,500403,SUNDRMFAST.NS,Auto Components,Auto Components & Equipments,1228,25803.76
INE0FS801015,Motherson Wiring,MSUMI,543498,MSUMI.NS,Auto Components,Auto Components & Equipments,38.36,25439.06
INE0NDH25011,Nexus Select,NXST,543913,NXST.NS,Realty,Real Estate Investment Trusts (REITs),166.84,25276.26
INE524A01029,Gabriel India,GABRIEL,505714,GABRIEL.NS,Auto Components,Auto Components & Equipments,1420.6,25177.3
INE317I01021,Metro Brands,METROBRAND,543426,METROBRAND.NS,Consumer Durables,Footwear,912.5,24874.09
INE844O01030,Gujarat Energy,GUJENERGY,539336,GUJENERGY.NS,Gas,LPG/CNG/PNG/LNG Supplier,263.35,24708.31
INE439A01020,Asahi India Glas,ASAHIINDIA,515030,ASAHIINDIA.NS,Auto Components,Auto Components & Equipments,965.75,24619.59
INE012A01025,ACC,ACC,500410,ACC.NS,Cement & Cement Products,Cement & Cement Products,1307.4,24551.31
INE0CAZ01013,Urban Company,URBANCO,544515,URBANCO.NS,Retailing,E-Retail/ E-Commerce,158.6,24458.98
INE699H01024,AWL Agri Busine.,AWL,543458,AWL.NS,Agricultural Food & other Products,Edible Oil,188.12,24449.55
INE322A01010,Gillette India,GILLETTE,507815,GILLETTE.NS,Personal Products,Personal Care,7498.5,24437.61
INE03JT01014,Go Digit General,GODIGIT,544179,GODIGIT.NS,Insurance,General Insurance,262.9,24307.81
INE00WC01027,Affle 3i,AFFLE,542752,AFFLE.NS,IT - Services,IT Enabled Services,1718.7,24218.95
INE953O01021,Sansera Enginee.,SANSERA,543358,SANSERA.NS,Auto Components,Auto Components & Equipments,3876.9,24193.24
INE741K01010,CreditAcc. Gram.,CREDITACC,541770,CREDITACC.NS,Finance,Microfinance Institutions,1496.1,24005.58
INE095N01031,NBCC,NBCC,534309,NBCC.NS,Construction,Civil Construction,88.88,23997.6
INE220B01022,Kalpataru Proj.,KPIL,522287,KPIL.NS,Construction,Civil Construction,1404.5,23985
INE419M01035,TD Power Systems,TDPOWERSYS,533553,TDPOWERSYS.NS,Electrical Equipment,Heavy Electrical Equipment,1534.8,23977.94
INE288B01029,Deepak Nitrite,DEEPAKNTR,506401,DEEPAKNTR.NS,Chemicals & Petrochemicals,Specialty Chemicals,1747.1,23829.23
INE880L01014,KIOCL,KIOCL,540680,KIOCL.NS,Ferrous Metals,Sponge Iron,388.1,23586.82
INE325A01013,Timken India,TIMKEN,522113,TIMKEN.NS,Industrial Products,Abrasives & Bearings,3134.1,23574.3
INE451A01017,Force Motors,FORCEMOT,500033,FORCEMOT.NS,Automobiles,Passenger Cars & Utility Vehicles,17770,23414.22
INE19RI01016,Tenneco Clean,TENNIND,544612,TENNIND.NS,Auto Components,Auto Components & Equipments,576.15,23253.66
INE367G01038,Prime Focus,PFOCUS,532748,PFOCUS.NS,Entertainment,Media & Entertainment,296.95,23125.69
INE670A01012,Tata Elxsi,TATAELXSI,500408,TATAELXSI.NS,IT - Software,Computers - Software & Consulting,3708,23100.68
INE821I01022,IRB Infra.Devl.,IRB,532947,IRB.NS,Construction,Civil Construction,18.95,22887.81
INE536A01023,Grindwell Norton,GRINDWELL,506076,GRINDWELL.NS,Industrial Products,Abrasives & Bearings,2059.8,22806.11
INE182A01018,Pfizer,PFIZER,500680,PFIZER.NS,Pharmaceuticals & Biotechnology,Pharmaceuticals,4978.2,22774.14
INE242C01024,Anant Raj,ANANTRAJ,515055,ANANTRAJ.NS,Realty,"Residential, Commercial Projects",625,22492.31
INE980O01024,Jyoti CNC Auto.,JYOTICNC,544081,JYOTICNC.NS,Industrial Manufacturing,Industrial Products,988.8,22487.6
INE1C6T01020,Emmvee Photovol.,EMMVEE,544608,EMMVEE.NS,Electrical Equipment,Other Electrical Equipment,324,22431.98
INE894V01022,Belrise Industri,BELRISE,544405,BELRISE.NS,Auto Components,Auto Components & Equipments,231.77,22415.68
INE120A01034,Carborundum Uni.,CARBORUNIV,513375,CARBORUNIV.NS,Industrial Products,Abrasives & Bearings,1169.8,22285.32
INE473B01035,Hatsun Agro,HATSUN,531531,HATSUN.NS,Food Products,Dairy Products,984.7,21934.02
INE686A01026,Cemindia Project,CEMPRO,509496,CEMPRO.NS,Construction,Civil Construction,1276.4,21926.97
INE039A01010,IFCI,IFCI,500106,IFCI.NS,Finance,Financial Institution,80.91,21799.7
INE864I01014,MTAR Technologie,MTARTECH,543270,MTARTECH.NS,Electrical Equipment,Other Electrical Equipment,7029.5,21622.45
INE0BWX01014,Aether Industri.,AETHER,543534,AETHER.NS,Chemicals & Petrochemicals,Specialty Chemicals,1626.6,21589.58
INE180C01042,Capri Global,CGCL,531595,CGCL.NS,Finance,Non Banking Financial Company (NBFC),224.03,21555.14
INE491A01021,City Union Bank,CUB,532210,CUB.NS,Banks,Private Sector Bank,217.3,21529.81
INE989C01038,Diamond Power,DIACABS,522163,DIACABS.NS,Electrical Equipment,Other Electrical Equipment,356.1,21297.31
INE101D01020,Granules India,GRANULES,532482,GRANULES.NS,Pharmaceuticals & Biotechnology,Pharmaceuticals,858.15,21264.69
INE331A01037,The Ramco Cement,RAMCOCEM,500260,RAMCOCEM.NS,Cement & Cement Products,Cement & Cement Products,899.05,21243.87
INE269B01029,LMW,LMW,500252,LMW.NS,Industrial Manufacturing,Industrial Products,19849,21204.69
INE0NR623014,Cube Highways,CUBEINVIT,543899,CUBEINVIT.NS,Transport Infrastructure,"Road AssetsToll, Annuity, Hybrid-Annuity",156.99,21100.55
INE330T01021,Happy Forgings,HAPPYFORGE,544057,HAPPYFORGE.NS,Industrial Products,Castings & Forgings,2211.8,20874.69
INE791I01019,Brigade Enterpr.,BRIGADE,532929,BRIGADE.NS,Realty,"Residential, Commercial Projects",639.3,20857.76
INE178A01016,C P C L,CHENNPETRO,500110,CHENNPETRO.NS,Petroleum Products,Refineries & Marketing,1393.5,20750.8
INE203G01027,Indraprastha Gas,IGL,532514,IGL.NS,Gas,LPG/CNG/PNG/LNG Supplier,147.87,20701.82
INE486A01021,CESC,CESC,500084,CESC.NS,Power,Integrated Power Utilities,155.09,20558.27
INE0W2G01015,Sagility,SAGILITY,544282,SAGILITY.NS,IT - Services,IT Enabled Services,43.35,20293.56
INE526E01018,SPR Auto Technologies,SHRIPISTON,544344,SHRIPISTON.NS,Auto Components,Auto Components & Equipments,4600.1,20263.36
INE883F01010,Aadhar Hsg. Fin.,AADHARHFC,544176,AADHARHFC.NS,Finance,Housing Finance Company,462.55,20247.55
INE285A01027,Elgi Equipments,ELGIEQUIP,522074,ELGIEQUIP.NS,Industrial Products,"Compressors, Pumps & Diesel Engines",634.35,20103.12
INE219X23014,IndiGrid Trust,INDIGRID,540565,INDIGRID.NS,Power,Power - Transmission,176.08,20039.29
INE684F01012,Firstsour.Solu.,FSL,532809,FSL.NS,Commercial Services & Supplies,Business Process Outsourcing (BPO)/ Knowledge Process Outsourcing (KPO),276.05,19517.51
INE292B01021,HBL Engineering,HBLENGINE,517271,HBLENGINE.NS,Industrial Products,Other Industrial Products,702.55,19474.33
INE475E01026,Caplin Point Lab,CAPLIPOINT,524742,CAPLIPOINT.NS,Pharmaceuticals & Biotechnology,Pharmaceuticals,2560.8,19465.08
INE235A01022,Finolex Cables,FINCABLES,500144,FINCABLES.NS,Industrial Products,Cables - Electricals,1260.5,19278
INE100A01010,Atul,ATUL,500027,ATUL.NS,Chemicals & Petrochemicals,Specialty Chemicals,6509.5,19165.11
INE769A01020,Aarti Industries,AARTIIND,524208,AARTIIND.NS,Chemicals & Petrochemicals,Specialty Chemicals,527.2,19122.95
INE217B01036,Kajaria Ceramics,KAJARIACER,500233,KAJARIACER.NS,Consumer Durables,Ceramics,1208.5,18990.74
INE230A01023,EIH,EIHOTEL,500840,EIHOTEL.NS,Leisure Services,Hotels & Resorts,302.75,18932.9
INE427F01016,Chalet Hotels,CHALET,542399,CHALET.NS,Leisure Services,Hotels & Resorts,861.95,18876.2
INE0AQ201015,Leela Palaces Hotels,THELEELA,544408,THELEELA.NS,Leisure Services,Hotels & Resorts,561.7,18758.41
INE017A01032,GE Shipping Co,GESHIP,500620,GESHIP.NS,Transport Services,Shipping,1311.3,18721.06
INE596I01020,Cams Services,CAMS,543232,CAMS.NS,Capital Markets,"Depositories, Clearing Houses and Other Intermediaries",753,18696.81
INE324A01032,Jindal Saw,JINDALSAW,500378,JINDALSAW.NS,Industrial Products,Iron & Steel Products,291.65,18651.26
INE424H01027,Sun TV Network,SUNTV,532733,SUNTV.NS,Entertainment,TV Broadcasting & Software Production,472.05,18602.76
INE172A01027,Castrol India,CASTROLIND,500870,CASTROLIND.NS,Petroleum Products,Lubricants,187.77,18572.75
INE203A01020,Astrazeneca Phar,ASTRAZEN,506820,ASTRAZEN.NS,Pharmaceuticals & Biotechnology,Pharmaceuticals,7415.5,18538.75
INE673O01025,TBO Tek,TBOTEK,544174,TBOTEK.NS,Leisure Services,"Tour, Travel Related Services",1696.5,18421.92
INE406M01024,ERIS Lifescience,ERIS,540596,ERIS.NS,Pharmaceuticals & Biotechnology,Pharmaceuticals,1328.2,18406.63
INE02IJ01035,Azad Engineering,AZAD,544061,AZAD.NS,Electrical Equipment,Heavy Electrical Equipment,2837.8,18327.01
INE462A01022,Bayer Crop Sci.,BAYERCROP,506285,BAYERCROP.NS,Fertilizers & Agrochemicals,Pesticides & Agrochemicals,4071.5,18298.17
INE501A01019,Deepak Fertilis.,DEEPAKFERT,500645,DEEPAKFERT.NS,Chemicals & Petrochemicals,Commodity Chemicals,1449.2,18294.39
INE152M01016,Triveni Turbine,TRITURBINE,533655,TRITURBINE.NS,Electrical Equipment,Heavy Electrical Equipment,574.85,18274.39
INE192B01031,Welspun Living,WELSPUNLIV,514162,WELSPUNLIV.NS,Textiles & Apparels,Other Textile Products,189.22,18149.08
INE131A01031,G M D C,GMDCLTD,532181,GMDCLTD.NS,Minerals & Mining,Industrial Minerals,570,18126
INE15B701018,Pine Labs,PINELABS,544606,PINELABS.NS,Financial Technology (Fintech),Financial Technology (Fintech),156.91,18105.19
INE102B01014,Choice Intl.,CHOICEIN,531358,CHOICEIN.NS,Finance,Holding Company,808.6,18013.71
INE385C01021,Sarda Energy,SARDAEN,504614,SARDAEN.NS,Ferrous Metals,Iron & Steel,510.6,17992.59
INE872J01023,Devyani Intl.,DEVYANI,543330,DEVYANI.NS,Leisure Services,Restaurants,144.4,17803.65
INE03QK01018,Cohance Life,COHANCE,543064,COHANCE.NS,Pharmaceuticals & Biotechnology,Pharmaceuticals,463,17714.26
INE0KXY23015,Vertis Infra.,VERTIS,,VERTIS.NS,Transport Infrastructure,"Road AssetsToll, Annuity, Hybrid-Annuity",117,17666.81
INE013P01021,OneSource Speci.,ONESOURCE,544292,ONESOURCE.NS,Pharmaceuticals & Biotechnology,Pharmaceuticals,1535,17602.29
INE548C01032,Emami,EMAMILTD,531162,EMAMILTD.NS,Personal Products,Personal Care,402.6,17573.49
INE616N01034,Inox India,INOXINDIA,544046,INOXINDIA.NS,Industrial Products,Other Industrial Products,1930.2,17519.17
INE148I01020,Sammaan Capital,SAMMAANCAP,535789,SAMMAANCAP.NS,Finance,Housing Finance Company,150.52,17483.55
INE0LXG01040,Ola Electric,OLAELEC,544225,OLAELEC.NS,Automobiles,2/3 Wheelers,37.73,17462.98
INE825A01020,Vardhman Textile,VTL,502986,VTL.NS,Textiles & Apparels,Other Textile Products,602.9,17452.5
INE205C01021,Poly Medicure,POLYMED,531768,POLYMED.NS,Healthcare Equipment & Supplies,Medical Equipment & Supplies,1719.4,17428.09
INE842C01021,Minda Corp,MINDACORP,538962,MINDACORP.NS,Auto Components,Auto Components & Equipments,727.85,17401.4
INE251B01027,Zen Technologies,ZENTEC,533339,ZENTEC.NS,Aerospace & Defense,Aerospace & Defense,1926.3,17392.63
INE947N01017,Aequs,AEQUS,544634,AEQUS.NS,Aerospace & Defense,Aerospace & Defense,259.22,17384.99
INE685T01010,Horizon Industrial,HORIZONIND,544880,HORIZONIND.NS,,,,17297.16
INE085A01013,Chambal Fert.,CHAMBLFERT,500085,CHAMBLFERT.NS,Fertilizers & Agrochemicals,Fertilizers,431.15,17274.12
INE103V01028,Travel Food,TRAVELFOOD,544443,TRAVELFOOD.NS,Leisure Services,Restaurants,1307.2,17213.14
INE457L01029,PG Electroplast,PGEL,533581,PGEL.NS,Consumer Durables,Consumer Electronics,600.55,17202.01
INE718I01012,JSW Cement,JSWCEMENT,544480,JSWCEMENT.NS,Cement & Cement Products,Cement & Cement Products,126.04,17183.85
INE738I01010,eClerx Services,ECLERX,532927,ECLERX.NS,Commercial Services & Supplies,Business Process Outsourcing (BPO)/ Knowledge Process Outsourcing (KPO),1815.7,17076.79
INE085J01014,Thangamayil Jew.,THANGAMAYL,533158,THANGAMAYL.NS,Consumer Durables,"Gems, Jewellery And Watches",5487.5,17056.26
INE348B01021,Century Plyboard,CENTURYPLY,532548,CENTURYPLY.NS,Consumer Durables,Plywood Boards/ Laminates,762.4,16938.47
INE138Y01010,KFin Technolog.,KFINTECH,543720,KFINTECH.NS,Capital Markets,"Depositories, Clearing Houses and Other Intermediaries",980,16937.11
INE373A01013,BASF India,BASF,500042,BASF.NS,Chemicals & Petrochemicals,Specialty Chemicals,3902.7,16893.09
INE499A01024,DCM Shriram,DCMSHRIRAM,523367,DCMSHRIRAM.NS,Diversified,Diversified,1082.1,16874.52
INE885A01032,Amara Raja Ener.,ARE&M,500008,ARE&M.NS,Auto Components,Auto Components & Equipments,919.75,16833.76
INE05HV01027,Central Mine Pla,CMPDI,544739,CMPDI.NS,Construction,Civil Construction,233.66,16683.32
INE531A01024,Kansai Nerolac,KANSAINER,500165,KANSAINER.NS,Consumer Durables,Paints,205.85,16648.71
INE608A01012,Pun. & Sind Bank,PSB,533295,PSB.NS,Banks,Public Sector Bank,23.46,16646.24
INE552Z01027,Allied Blenders,ABDL,544203,ABDL.NS,Beverages,Breweries & Distilleries,595,16642.75
INE03Q201024,Alivus Life,ALIVUS,543322,ALIVUS.NS,Pharmaceuticals & Biotechnology,Pharmaceuticals,1350.9,16585.19
INE291A01017,Garware Hi Tech,GRWRHITECH,500655,GRWRHITECH.NS,Industrial Products,Plastic Products - Industrial,7123.5,16549.6
INE703B01027,Ratnamani Metals,RATNAMANI,520111,RATNAMANI.NS,Industrial Products,Iron & Steel Products,2354.4,16502.46
INE177H01039,Godawari Power,GPIL,532734,GPIL.NS,Industrial Products,Iron & Steel Products,245.09,16496.94
INE398R01022,Syngene Intl.,SYNGENE,539268,SYNGENE.NS,Healthcare Services,"Healthcare Research, Analytics & Technology",407.25,16439.43
INE338H01029,Concord Biotech,CONCORDBIO,543960,CONCORDBIO.NS,Pharmaceuticals & Biotechnology,Pharmaceuticals,1571.3,16438.34
INE168A01041,J & K Bank,J&KBANK,532209,J&KBANK.NS,Banks,Private Sector Bank,149.01,16408.72
INE299U01018,Crompton Gr. Con,CROMPTON,539876,CROMPTON.NS,Consumer Durables,Household Appliances,252,16226.65
INE05XR01022,Bharat Coking,BHARATCOAL,544678,BHARATCOAL.NS,Consumable Fuels,Coal,34.81,16211.02
INE04I401011,KPIT Technologi.,KPITTECH,542651,KPITTECH.NS,IT - Software,Computers - Software & Consulting,589.3,16155.29
INE901L01018,Alembic Pharma,APLLTD,533573,APLLTD.NS,Pharmaceuticals & Biotechnology,Pharmaceuticals,821.75,16152.57
INE258A01024,BEML Ltd,BEML,500048,BEML.NS,"Agricultural, Commercial & Construction Vehicles",Construction Vehicles,1935.4,16119.75
INE092A01019,Tata Chemicals,TATACHEM,500770,TATACHEM.NS,Chemicals & Petrochemicals,Commodity Chemicals,626.75,15967.08
INE790G01031,Shilpa Medicare,SHILPAMED,530549,SHILPAMED.NS,Pharmaceuticals & Biotechnology,Pharmaceuticals,814.95,15938.94
INE927D01051,JBM Auto,JBMA,532605,JBMA.NS,Auto Components,Auto Components & Equipments,673.95,15938.53
INE943P01029,Dr Agarwal's Hea,AGARWALEYE,544350,AGARWALEYE.NS,Healthcare Services,Hospital,500.2,15857.65
INE725A01030,Nava,NAVA,513023,NAVA.NS,Power,Power Generation,558.95,15832.54
INE686Y01026,Fine Organic,FINEORG,541557,FINEORG.NS,Chemicals & Petrochemicals,Specialty Chemicals,5159.9,15820.24
INE987B01026,Natco Pharma,NATCOPHARM,524816,NATCOPHARM.NS,Pharmaceuticals & Biotechnology,Pharmaceuticals,882.4,15804.65
INE386C01029,Astra Microwave,ASTRAMICRO,532493,ASTRAMICRO.NS,Aerospace & Defense,Aerospace & Defense,1662.2,15781.76
INE0J5401028,Honasa Consumer,HONASA,544014,HONASA.NS,Personal Products,Personal Care,481.9,15711.11
INE055A01016,A B Real Estate,ABREL,500040,ABREL.NS,Realty,"Residential, Commercial Projects",1406.3,15707.76
INE768C01028,Zydus Wellness,ZYDUSWELL,531335,ZYDUSWELL.NS,Food Products,Packaged Foods,490.8,15615.33
INE043W01024,Vijaya Diagnost.,VIJAYA,543350,VIJAYA.NS,Healthcare Services,Healthcare Service Provider,1504.4,15494.98
INE119A01028,Balrampur Chini,BALRAMCHIN,500038,BALRAMCHIN.NS,Agricultural Food & other Products,Sugar,729.35,15423.35
INE088F01024,Paradeep Phosph.,PARADEEP,543530,PARADEEP.NS,Fertilizers & Agrochemicals,Fertilizers,148.48,15419.95
INE128S01021,Five-Star Bus.Fi,FIVESTAR,543663,FIVESTAR.NS,Finance,Non Banking Financial Company (NBFC),520.95,15377.85
INE995S01015,Niva Bupa Health,NIVABUPA,544286,NIVABUPA.NS,Insurance,General Insurance,82.62,15278.37
INE151G01028,Shaily Engineer.,SHAILY,501423,SHAILY.NS,Consumer Durables,Plastic Products - Consumer,3321,15275.02
INE536H01010,CIE Automotive,CIEINDIA,532756,CIEINDIA.NS,Auto Components,Auto Components & Equipments,401.05,15214.33
INE00E101023,Bikaji Foods,BIKAJI,543653,BIKAJI.NS,Food Products,Packaged Foods,605.75,15188.36
INE732A01036,Kirl. Brothers,KIRLOSBROS,500241,KIRLOSBROS.NS,Industrial Products,"Compressors, Pumps & Diesel Engines",1906.2,15136.93
INE05C901015,Juniper Green,JNPR,544853,JNPR.NS,Power,Power Generation,265.8,15123.98
INE704J01044,Vedanta Oil and Gas,VOGL,544782,VOGL.NS,Oil,Oil Exploration & Production,38.39,15011.98
INE288A01013,Mah. Scooters,MAHSCOOTER,500266,MAHSCOOTER.NS,Finance,Investment Company,13131,15006.85
INE12UN01015,Shadowfax Technologies,SHADOWFAX,544685,SHADOWFAX.NS,Transport Services,Logistics Solution Provider,255.39,14980.19
INE290S01011,Cartrade Tech,CARTRADE,543333,CARTRADE.NS,Retailing,E-Retail/ E-Commerce,3072.9,14907.26
INE647U01026,Clean Max Enviro,CLEANMAX,544717,CLEANMAX.NS,Power,Power Generation,1266.9,14882.42
INE818H01020,L T Foods,LTFOODS,532783,LTFOODS.NS,Agricultural Food & other Products,Other Agricultural Products,427.6,14848.54
INE01TY01017,Canara HSBC,CANHLIFE,544583,CANHLIFE.NS,Insurance,Life Insurance,155.24,14747.8
INE0Q9301021,International Gemological Instit,IGIL,544311,IGIL.NS,Commercial Services & Supplies,Diversified Commercial Services,340.6,14719.36
INE177A01018,Ingersoll-Rand,INGERRAND,500210,INGERRAND.NS,Industrial Products,"Compressors, Pumps & Diesel Engines",4660.6,14712.58
INE228A01035,Usha Martin,USHAMART,517146,USHAMART.NS,Industrial Products,Iron & Steel Products,481.3,14667.22
INE12UR01024,Fujiyama Power,UTLSOLAR,544613,UTLSOLAR.NS,Electrical Equipment,Other Electrical Equipment,477.4,14651.49
INE034A01011,Arvind Ltd,ARVIND,500101,ARVIND.NS,Textiles & Apparels,Garments & Apparels,536.95,14607.22
INE0LCL01028,Avalon Tech,AVALON,543896,AVALON.NS,Electrical Equipment,Other Electrical Equipment,2183.8,14590.35
INE00IT01020,Milky Mist Dairy,MILKYMIST,544868,MILKYMIST.NS,Food Products,Dairy Products,189.22,14566.98
INE212S01015,Fractal Analyt.,FRACTAL,544700,FRACTAL.NS,IT - Software,Computers - Software & Consulting,846.7,14560.29
INE750C01026,Marksans Pharma,MARKSANS,524404,MARKSANS.NS,Pharmaceuticals & Biotechnology,Pharmaceuticals,321.3,14560.15
INE961O01016,Rainbow Child.,RAINBOW,543524,RAINBOW.NS,Healthcare Services,Hospital,1433.2,14556.53
INE951I01027,V-Guard Industri,VGUARD,532953,VGUARD.NS,Consumer Durables,Household Appliances,332,14505.58
INE421D01022,CCL Products,CCL,519600,CCL.NS,Agricultural Food & other Products,Tea & Coffee,1082.3,14451.73
INE482A01020,CEAT,CEATLTD,500878,CEATLTD.NS,Auto Components,Tyres & Rubber Products,3563.4,14413.99
INE00XB01019,Sedemac Mechatro,SEDEMAC,544723,SEDEMAC.NS,Auto Components,Auto Components & Equipments,3253.1,14369.11
INE1CLE01013,Vedanta Iron & Steel,VISL,544784,VISL.NS,Ferrous Metals,Iron & Steel,36.74,14366.77
INE713T01028,Apollo Micro Sys,APOLLO,540879,APOLLO.NS,Aerospace & Defense,Aerospace & Defense,384.55,14289.86
INE133E01013,Tilaknagar Inds.,TI,507205,TI.NS,Beverages,Breweries & Distilleries,575.65,14245.83
INE133A01011,JSW Dulux,JSWDULUX,500710,JSWDULUX.NS,Consumer Durables,Paints,3118.8,14203.11
INE0Z4F01028,Atlanta Electric,ATLANTAELE,544527,ATLANTAELE.NS,Electrical Equipment,Heavy Electrical Equipment,1846.9,14202.04
INE694L01019,Vedanta Power,VEDPOWER,544781,VEDPOWER.NS,Power,Power Generation,36.3,14194.71
INE126A01031,EID Parry,EIDPARRY,500125,EIDPARRY.NS,Food Products,Other Food Products,797.3,14188.41
INE930P01018,Anupam Rasayan,ANURAS,543275,ANURAS.NS,Chemicals & Petrochemicals,Specialty Chemicals,1243.7,14159.5
INE297H01019,Gallantt Ispat L,GALLANTT,532726,GALLANTT.NS,Industrial Products,Iron & Steel Products,584.4,14100.46
INE731H01025,Action Const.Eq.,ACE,532762,ACE.NS,"Agricultural, Commercial & Construction Vehicles",Construction Vehicles,1182.2,14078.02
INE551W01018,Ujjivan Small,UJJIVANSFB,542904,UJJIVANSFB.NS,Banks,Other Bank,72.07,14043.13
INE700A01033,Jubilant Pharmo,JUBLPHARMA,530019,JUBLPHARMA.NS,Pharmaceuticals & Biotechnology,Pharmaceuticals,880.35,14023.98
INE999A01023,KSB,KSB,500249,KSB.NS,Industrial Products,"Compressors, Pumps & Diesel Engines",801.85,13955.33
INE093R01011,Lloyds Engineeri,LLOYDSENGG,539992,LLOYDSENGG.NS,Industrial Manufacturing,Industrial Products,90.05,13939.86
INE668A01016,T N Merc. Bank,TMB,543596,TMB.NS,Banks,Private Sector Bank,878.55,13911.97
INE371A01025,Graphite India,GRAPHITE,509488,GRAPHITE.NS,Industrial Products,Electrodes & Refractories,710.75,13886.32
INE00F201020,Prudent Corp.,PRUDENT,543527,PRUDENT.NS,Capital Markets,Financial Products Distributor,3353.5,13885.73
INE671H01015,Sobha,SOBHA,532784,SOBHA.NS,Realty,"Residential, Commercial Projects",1294.6,13843.52
INE410B01037,Vinati Organics,VINATIORGA,524200,VINATIORGA.NS,Chemicals & Petrochemicals,Specialty Chemicals,1329.4,13781.31
INE676A01027,Black Box,BBOX,500463,BBOX.NS,IT - Services,IT Enabled Services,775.65,13775.48
INE510A01028,Engineers India,ENGINERSIN,532178,ENGINERSIN.NS,Construction,Civil Construction,244.91,13764.98
INE545A01024,HEG,HEG,509631,HEG.NS,Industrial Products,Electrodes & Refractories,710.75,13715.88
INE065X01017,Indegene,INDGN,544172,INDGN.NS,Healthcare Services,"Healthcare Research, Analytics & Technology",567.8,13679
INE2J8701016,SKF India Indus.,SKFINDUS,544572,SKFINDUS.NS,Industrial Products,Abrasives & Bearings,2758.3,13636.47
INE418L01047,Nazara Technolo.,NAZARA,543280,NAZARA.NS,Entertainment,Digital Entertainment,354.35,13599.81
INE959A01019,Privi Speci.,PRIVISCL,530117,PRIVISCL.NS,Chemicals & Petrochemicals,Specialty Chemicals,3479.7,13592.65
INE872H01027,Lumax Auto Tech.,LUMAXTECH,532796,LUMAXTECH.NS,Auto Components,Auto Components & Equipments,1988.8,13555.2
INE109A01011,S C I,SCI,523598,SCI.NS,Transport Services,Shipping,290.55,13533.82
INE024L01027,Gravita India,GRAVITA,533282,GRAVITA.NS,Minerals & Mining,Industrial Minerals,1821.7,13445.69
INE399G01023,Ramkrishna Forg.,RKFORGE,532527,RKFORGE.NS,Auto Components,Auto Components & Equipments,737.05,13426.84
INE321T01012,DOMS Industries,DOMS,544045,DOMS.NS,Household Products,Stationary,2206.3,13389.67
INE825V01034,Vedant Fashions,MANYAVAR,543463,MANYAVAR.NS,Retailing,Speciality Retail,544.15,13221.66
INE121R01077,Amagi Media Labs,AMAGI,544679,AMAGI.NS,IT - Services,IT Enabled Services,599.85,13189.51
INE781S01027,Ventive Hospital,VENTIVE,544321,VENTIVE.NS,Leisure Services,Hotels & Resorts,564.15,13175.25
INE663A01033,Supreme Petroch.,SPLPETRO,500405,SPLPETRO.NS,Chemicals & Petrochemicals,Petrochemicals,697.8,13121.52
INE02ZQ01018,Corona Remedies,CORONA,544644,CORONA.NS,Pharmaceuticals & Biotechnology,Pharmaceuticals,2142.6,13104.16
INE011K01018,Tega Inds.,TEGA,543413,TEGA.NS,Industrial Manufacturing,Industrial Products,1743.2,13096.26
INE933B01012,Sigma Advanced System,SIGMAADV,532408,SIGMAADV.NS,Aerospace & Defense,Aerospace & Defense,688.2,13070.91
INE304W01038,Bluestone Jewel,BLUESTONE,544484,BLUESTONE.NS,Consumer Durables,"Gems, Jewellery And Watches",846.4,12928.71
INE852O01025,Aptus Value Hou.,APTUS,543335,APTUS.NS,Finance,Housing Finance Company,257.75,12908.58
INE255Z01027,E2E Networks,E2E,544783,E2E.NS,IT - Services,IT Enabled Services,621.6,12777.91
INE066P01011,Inox Wind,INOXWIND,539083,INOXWIND.NS,Electrical Equipment,Heavy Electrical Equipment,73.6,12719.83
INE869T01028,Molbio Diagnosti,MOLBIO,544866,MOLBIO.NS,Healthcare Equipment & Supplies,Medical Equipment & Supplies,1098.45,12658.54
INE0QPI01025,Sudeep Pharma,SUDEEPPHRM,544619,SUDEEPPHRM.NS,Pharmaceuticals & Biotechnology,Pharmaceuticals,1111.8,12557.63
INE824G01012,JSW Holdings,JSWHL,532642,JSWHL.NS,Finance,Investment Company,11289,12530.79
INE956G01038,Va Tech Wabag,WABAG,533269,WABAG.NS,Other Utilities,Water Supply & Management,2003.3,12504.09
INE602A01031,PCBL Chemical,PCBL,506590,PCBL.NS,Chemicals & Petrochemicals,Carbon Black,317.55,12494.4
INE481N01025,Home First Finan,HOMEFIRST,543259,HOMEFIRST.NS,Finance,Housing Finance Company,1193.7,12478.2
INE665L01035,Varroc Engineer,VARROC,541578,VARROC.NS,Auto Components,Auto Components & Equipments,814.95,12451.33
INE01IU01018,Sky Gold & Diam.,SKYGOLD,541967,SKYGOLD.NS,Consumer Durables,"Gems, Jewellery And Watches",803.5,12444.12
INE064C01022,Trident,TRIDENT,521064,TRIDENT.NS,Textiles & Apparels,Other Textile Products,24.39,12429.04
INE614B01018,Karnataka Bank,KTKBANK,532652,KTKBANK.NS,Banks,Private Sector Bank,328.3,12419.62
INE542F01020,Swan Defence,SWANDEF,533107,SWANDEF.NS,Industrial Manufacturing,Ship Building & Allied Services,2346.4,12361.34
INE780C01023,JM Financial,JMFINANCIL,523405,JMFINANCIL.NS,Finance,Holding Company,128.24,12272.05
INE491J01022,ASK Automotive,ASKAUTOLTD,544022,ASKAUTOLTD.NS,Auto Components,Auto Components & Equipments,621.15,12245.51
INE532F01054,Edelweiss.Fin.,EDELWEISS,532922,EDELWEISS.NS,Finance,Holding Company,128.68,12179.97
INE00VM01036,Manorama Indust.,MANORAMA,541974,MANORAMA.NS,Food Products,Other Food Products,1927.3,12165.58
INE807F01027,Viyash Scientific,VIYASH,512529,VIYASH.NS,Pharmaceuticals & Biotechnology,Pharmaceuticals,275.95,12139.25
INE045601023,Paras Defence,PARAS,543367,PARAS.NS,Aerospace & Defense,Aerospace & Defense,1499.6,12084.88
INE233B01017,Blue Dart Expres,BLUEDART,526612,BLUEDART.NS,Transport Services,Logistics Solution Provider,5083,12061.96
INE191H01014,PVR Inox,PVRINOX,532689,PVRINOX.NS,Entertainment,"Film Production, Distribution & Exhibition",1216.8,11948.97
INE119201023,Park Medi World,PARKHOSPS,544645,PARKHOSPS.NS,Healthcare Services,Hospital,274.55,11858.66
INE080I01025,Lloyds Enterpris,LLOYDSENT,512463,LLOYDSENT.NS,Metals & Minerals Trading,Trading - Metals,77.59,11825.55
INE09XN01023,Akums Drugs,AKUMS,544222,AKUMS.NS,Pharmaceuticals & Biotechnology,Pharmaceuticals,750,11804.55
INE683A01023,South Ind.Bank,SOUTHBANK,532218,SOUTHBANK.NS,Banks,Private Sector Bank,44.97,11773.98
INE0K9O01026,Lalithaa Jewel,LALITHAA,544879,LALITHAA.NS,,,,11749.54
INE962Y01021,Ircon Intl.,IRCON,541956,IRCON.NS,Construction,Civil Construction,124.72,11730.11
INE0CLI01024,Rategain Travel,RATEGAIN,543417,RATEGAIN.NS,IT - Software,Computers - Software & Consulting,990.05,11728.43
INE351F01018,JP Power Ven.,JPPOWER,532627,JPPOWER.NS,Power,Power Generation,17.1,11719.41
INE0NNS01018,NMDC Steel,NSLNISP,543768,NSLNISP.NS,Ferrous Metals,Iron & Steel,39.79,11660.88
INE389H01022,KEC International,KEC,532714,KEC.NS,Construction,Civil Construction,435.95,11604.99
INE0UIZ01018,Blackbuck,BLACKBUCK,544288,BLACKBUCK.NS,Transport Services,Transport Related Services,634.3,11553.78
INE112L01020,Metropolis Healt,METROPOLIS,542650,METROPOLIS.NS,Healthcare Services,Healthcare Service Provider,556.95,11550.45
INE871C01038,Avanti Feeds,AVANTIFEED,512573,AVANTIFEED.NS,Food Products,Animal Feed,847.5,11546.82
INE118D01016,Nuvoco Vistas,NUVOCO,543334,NUVOCO.NS,Cement & Cement Products,Cement & Cement Products,322.05,11502.21
INE383A01012,India Cements,INDIACEM,530005,INDIACEM.NS,Cement & Cement Products,Cement & Cement Products,370.9,11494.09
INE285K01026,Techno Elec.Engg,TECHNOE,542141,TECHNOE.NS,Construction,Civil Construction,987.45,11484
INE094J01016,UTI AMC,UTIAMC,543238,UTIAMC.NS,Capital Markets,Asset Management Company,893.05,11479.16
INE0BY001018,Jubilant Ingrev.,JUBLINGREA,543271,JUBLINGREA.NS,Chemicals & Petrochemicals,Specialty Chemicals,718.35,11441.96
INE615H01020,Titagarh Rail,TITAGARH,532966,TITAGARH.NS,Industrial Manufacturing,Railway Wagons,843.55,11360.41
INE2KCE01013,Kwality Wall's,KWIL,544622,KWIL.NS,Food Products,Dairy Products,48.35,11360.27
INE0KBH01020,Blue Jet Health,BLUEJET,544009,BLUEJET.NS,Pharmaceuticals & Biotechnology,Pharmaceuticals,596.15,11283.67
INE903U01023,SignatureGlobal,SIGNATURE,543990,SIGNATURE.NS,Realty,"Residential, Commercial Projects",795.3,11188.76
INE153T01027,BLS Internat.,BLS,540073,BLS.NS,Leisure Services,"Tour, Travel Related Services",271.29,11170.12
INE477A01020,Can Fin Homes,CANFINHOME,511196,CANFINHOME.NS,Finance,Housing Finance Company,830.45,11057.82
INE850D01014,Godrej Agrovet,GODREJAGRO,540743,GODREJAGRO.NS,Food Products,Animal Feed,574.55,11052.04
INE022Q01020,Indian Energy Ex,IEX,540750,IEX.NS,Capital Markets,Exchange and Data Platform,123.7,11030.24
INE940H01022,Pearl Global Ind,PGIL,532808,PGIL.NS,Textiles & Apparels,Garments & Apparels,2386.1,11021.53
INE002S01010,Mahanagar Gas,MGL,539957,MGL.NS,Gas,LPG/CNG/PNG/LNG Supplier,1114.2,11005.82
INE520A01027,Zensar Tech.,ZENSARTECH,504067,ZENSARTECH.NS,IT - Software,Computers - Software & Consulting,483.55,11003.42
INE540H01012,Volt.Transform.,VOLTAMP,532757,VOLTAMP.NS,Electrical Equipment,Heavy Electrical Equipment,10869.5,10996.8
INE075I01017,Health.Global,HCG,539787,HCG.NS,Healthcare Services,Hospital,725.95,10838.59
INE260D01016,Olectra Greentec,OLECTRA,532439,OLECTRA.NS,Automobiles,Passenger Cars & Utility Vehicles,1318.4,10821.52
INE573A01042,JK Tyre & Indust,JKTYRE,530007,JKTYRE.NS,Auto Components,Tyres & Rubber Products,374.7,10802.21
INE216P01012,AAVAS Financiers,AAVAS,541988,AAVAS.NS,Finance,Housing Finance Company,1355.3,10746.76
INE489L01022,IIFL Capital,IIFLCAPS,542773,IIFLCAPS.NS,Capital Markets,Stockbroking & Allied,335.65,10566.48
INE209L01016,Jupiter Wagons,JWL,533272,JWL.NS,Industrial Manufacturing,Railway Wagons,247,10556.05
INE495B01038,Suven Life Scie.,SUVEN,530239,SUVEN.NS,Healthcare Services,"Healthcare Research, Analytics & Technology",373.15,10543.83
INE14LE01019,A B Lifestyle,ABLBL,544403,ABLBL.NS,Retailing,Speciality Retail,86.12,10511.13
INE150B01039,Alkyl Amines,ALKYLAMINE,506767,ALKYLAMINE.NS,Chemicals & Petrochemicals,Specialty Chemicals,2052.7,10498.78
INE320J01015,Rites,RITES,541556,RITES.NS,Construction,Civil Construction,218.08,10481.01
INE933S01016,Indiamart Inter.,INDIAMART,542726,INDIAMART.NS,Retailing,Internet & Catalogue Retail,1742.2,10478.14
INE423Y01016,SBFC Finance,SBFC,543959,SBFC.NS,Finance,Non Banking Financial Company (NBFC),93.93,10409.39
INE385F01024,SG Mart,SGMART,512329,SGMART.NS,Metals & Minerals Trading,Trading - Metals,820.35,10339.3
INE256A01028,Zee Entertainmen,ZEEL,505537,ZEEL.NS,Entertainment,TV Broadcasting & Software Production,107.58,10333.27
INE955D01029,Genus Power,GENUSPOWER,530343,GENUSPOWER.NS,Electrical Equipment,Other Electrical Equipment,337.95,10281.88
INE101I01011,Afcons Infrastr.,AFCONS,544280,AFCONS.NS,Construction,Civil Construction,278.9,10257.51
INE02RE01045,Brainbees Solut.,FIRSTCRY,544226,FIRSTCRY.NS,Retailing,E-Retail/ E-Commerce,196.33,10250.16
INE0FOO01011,Shiprocket,SHIPROCKET,544871,SHIPROCKET.NS,Transport Services,Logistics Solution Provider,140.81,10245.02
INE0YD401026,Jain Resource,JAINREC,544537,JAINREC.NS,Diversified Metals,Diversified Metals,295.85,10209.36
INE682M01020,Jupiter Life Lin,JLHL,543980,JLHL.NS,Healthcare Services,Hospital,309.75,10154.54
INE205B01031,Elecon Engg.Co,ELECON,505700,ELECON.NS,Electrical Equipment,Heavy Electrical Equipment,451.55,10132.78
INE0SII01026,Quality Power El,QPOWER,544367,QPOWER.NS,Electrical Equipment,Heavy Electrical Equipment,1305.6,10111.1
INE1B6101010,Shreeji Ship. Gl,SHREEJISPG,544490,SHREEJISPG.NS,Transport Services,Shipping,620.55,10109.89
INE785M01021,PC Jeweller,PCJEWELLER,534809,PCJEWELLER.NS,Consumer Durables,"Gems, Jewellery And Watches",10.22,9966.68
INE050A01025,The Bombay Burmah,BBTC,501425,BBTC.NS,Food Products,Packaged Foods,1427.4,9959.24
INE183A01024,Finolex Inds.,FINPIPE,500940,FINPIPE.NS,Industrial Products,Plastic Products - Industrial,160.44,9954.93
INE136B01020,Cyient,CYIENT,532175,CYIENT.NS,IT - Services,IT Enabled Services,892.65,9921.07
INE123F01029,MMTC,MMTC,513377,MMTC.NS,Commercial Services & Supplies,Trading & Distributors,65.38,9807
INE979A01025,Saregama India,SAREGAMA,532163,SAREGAMA.NS,Entertainment,Media & Entertainment,506.55,9766.76
INE716A01013,Whirlpool India,WHIRLPOOL,500238,WHIRLPOOL.NS,Consumer Durables,Household Appliances,768.5,9750.1
INE811A01038,Kirl.Pneumatic,KIRLPNU,505283,KIRLPNU.NS,Industrial Products,"Compressors, Pumps & Diesel Engines",748.8,9728.89
INE0UOS01011,Sanofi Consumer,SANOFICONR,544250,SANOFICONR.NS,Pharmaceuticals & Biotechnology,Pharmaceuticals,4222.1,9723.76
INE726V01018,Pricol Ltd,PRICOLLTD,540293,PRICOLLTD.NS,Auto Components,Auto Components & Equipments,797.2,9716.39
INE306R01017,Intellect Design,INTELLECT,538835,INTELLECT.NS,IT - Software,Computers - Software & Consulting,691.25,9702.15
INE0Q3J01015,KRN Heat Exchan,KRN,544263,KRN.NS,Industrial Products,Other Industrial Products,1482.1,9701.6
INE854B01010,Jayaswal Neco,JAYNECOIND,522285,JAYNECOIND.NS,Industrial Products,Iron & Steel Products,99.89,9699.3
INE614G01033,Reliance Power,RPOWER,532939,RPOWER.NS,Power,Power Generation,23.45,9698.38
INE199A01012,P & G Health Ltd,PGHL,500126,PGHL.NS,Pharmaceuticals & Biotechnology,Pharmaceuticals,5828.5,9674.95
INE659A01023,Sudarshan Chem.,SUDARSCHEM,506655,SUDARSCHEM.NS,Chemicals & Petrochemicals,Dyes And Pigments,1215.1,9673.12
INE149K01016,Sandur Manganese,SANDUMA,504918,SANDUMA.NS,Ferrous Metals,Iron & Steel,198.93,9670.08
INE284A01012,Esab India,ESABINDIA,500133,ESABINDIA.NS,Industrial Products,Other Industrial Products,6210,9559.07
INE665A01038,Swan Corp,SWANCORP,503310,SWANCORP.NS,Chemicals & Petrochemicals,Petrochemicals,303.85,9524.39
INE085001019,Wework India,WEWORK,544570,WEWORK.NS,Commercial Services & Supplies,Diversified Commercial Services,682.9,9464.33
INE868B01028,NCC,NCC,500294,NCC.NS,Construction,Civil Construction,149.56,9390.07
INE131B01039,Relaxo Footwear,RELAXO,530517,RELAXO.NS,Consumer Durables,Footwear,376.6,9375.03
INE001B01026,KRBL,KRBL,530813,KRBL.NS,Agricultural Food & other Products,Other Agricultural Products,406.95,9314.67
INE202Z01029,Tsf Investments,TSFINV,,TSFINV.NS,Finance,Investment Company,417.15,9265.06
INE508G01029,Time Technoplast,TIMETECHNO,532856,TIMETECHNO.NS,Industrial Products,Plastic Products - Industrial,187.48,9254.68
INE0DD101019,Railtel Corpn.,RAILTEL,543265,RAILTEL.NS,Telecom - Services,Other Telecom Services,287.25,9218.96
INE274F01020,Westlife Food,WESTLIFE,505533,WESTLIFE.NS,Leisure Services,Restaurants,588.15,9171.39
INE280B01018,Elantas Beck,ELANTAS,500123,ELANTAS.NS,Chemicals & Petrochemicals,Specialty Chemicals,11550,9156.47
INE299N01021,Waaree Renewab.,WAAREERTL,534618,WAAREERTL.NS,Electrical Equipment,Other Electrical Equipment,875.3,9136.31
INE939A01011,Strides Pharma,STAR,532531,STAR.NS,Pharmaceuticals & Biotechnology,Pharmaceuticals,986.2,9090.07
INE0GGX23010,Powergrid Infra.,PGINVIT,543290,PGINVIT.NS,Power,Power - Transmission,99.85,9086.34
INE010J01012,Tejas Networks,TEJASNET,540595,TEJASNET.NS,Telecom -  Equipment & Accessories,Telecom -  Equipment & Accessories,510.45,9084.68
INE069I01010,Embassy Develop,EMBDL,532832,EMBDL.NS,Realty,"Residential, Commercial Projects",64.87,9021.04
INE176A01028,Bata India,BATAINDIA,500043,BATAINDIA.NS,Consumer Durables,Footwear,701.05,9010.42
INE594H01019,Thyrocare Tech.,THYROCARE,539871,THYROCARE.NS,Healthcare Services,Healthcare Service Provider,565.55,9001.59
INE763I01026,T R I L,TARIL,532928,TARIL.NS,Electrical Equipment,Heavy Electrical Equipment,298.65,8964.45
INE213C01025,Banco Products,BANCOINDIA,500039,BANCOINDIA.NS,Auto Components,Auto Components & Equipments,623.7,8921.24
INE386A01023,Vesuvius India,VESUVIUS,520113,VESUVIUS.NS,Industrial Products,Electrodes & Refractories,439.4,8918.1
INE717A01029,Kennametal India,KENNAMET,505890,KENNAMET.NS,Industrial Manufacturing,Industrial Products,4044.7,8889.54
INE953R01016,P N Gadgil Jewe.,PNGJL,544256,PNGJL.NS,Consumer Durables,"Gems, Jewellery And Watches",602.9,8874.84
INE483B01026,Indo Count Inds.,ICIL,521016,ICIL.NS,Textiles & Apparels,Other Textile Products,443.55,8784.7
INE227W01023,Clean Science,CLEAN,543318,CLEAN.NS,Chemicals & Petrochemicals,Specialty Chemicals,825.5,8773.62
INE063P01018,Equitas Sma. Fin,EQUITASBNK,543243,EQUITASBNK.NS,Banks,Other Bank,76.6,8762.52
INE625G01013,Welspun Enterp,WELENT,532553,WELENT.NS,Construction,Civil Construction,631.45,8740.14
INE970X01018,Lemon Tree Hotel,LEMONTREE,541233,LEMONTREE.NS,Leisure Services,Hotels & Resorts,108.33,8582.41
INE113A01013,G N F C,GNFC,500670,GNFC.NS,Chemicals & Petrochemicals,Commodity Chemicals,582.8,8563.7
INE269A01021,Sonata Software,SONATSOFTW,532221,SONATSOFTW.NS,IT - Software,Computers - Software & Consulting,304,8524.91
INE255A01020,EPL Ltd,EPL,500135,EPL.NS,Industrial Products,Packaging,265.61,8507.86
INE271B01025,Mah. Seamless,MAHSEAMLES,500265,MAHSEAMLES.NS,Industrial Products,Iron & Steel Products,634.15,8497.08
INE836A01035,Birlasoft Ltd,BSOFT,532400,BSOFT.NS,IT - Software,Computers - Software & Consulting,303.75,8492.84
INE201P01022,G R Infraproject,GRINFRA,543317,GRINFRA.NS,Construction,Civil Construction,870.35,8421.55
INE716B01029,Tips Music,TIPSMUSIC,532375,TIPSMUSIC.NS,Entertainment,Media & Entertainment,650.95,8321.2
INE804L01022,Medplus Health,MEDPLUS,543427,MEDPLUS.NS,Retailing,Pharmacy Retail,689.55,8284.05
INE600K01018,Galaxy Surfact.,GALAXYSURF,540935,GALAXYSURF.NS,Chemicals & Petrochemicals,Specialty Chemicals,2333,8271.59
INE0JO301016,Yatharth Hospit.,YATHARTH,543950,YATHARTH.NS,Healthcare Services,Hospital,855.15,8239.74
INE0NHL23019,Indus Inf. Trust,INDUSINVIT,544137,INDUSINVIT.NS,Transport Infrastructure,"Road AssetsToll, Annuity, Hybrid-Annuity",134.06,8191.14
INE036B01030,Guj. Ambuja Exp,GAEL,524226,GAEL.NS,Agricultural Food & other Products,Other Agricultural Products,177.46,8139.57
INE813A01018,Mahindra Life.,MAHLIFE,532313,MAHLIFE.NS,Realty,"Residential, Commercial Projects",379.8,8103.93
INE690A01028,TTK Prestige,TTKPRESTIG,517506,TTKPRESTIG.NS,Consumer Durables,Household Appliances,591.65,8103.62
INE03EI01018,Max Estates,MAXESTATES,544008,MAXESTATES.NS,Realty,"Residential, Commercial Projects",494.85,8094.01
INE666D01022,Borosil Renew.,BORORENEW,502219,BORORENEW.NS,Industrial Products,Glass - Industrial,549.4,8086.27
INE0V9Q01010,Sri Lotus,LOTUSDEV,544469,LOTUSDEV.NS,Realty,"Residential, Commercial Projects",164.81,8054.66
INE0KCE01017,Eureka Forbes,EUREKAFORB,543482,EUREKAFORB.NS,Consumer Durables,Household Appliances,415,8026.88
INE372C01037,Prec. Wires (I),PRECWIRE,523539,PRECWIRE.NS,Industrial Products,"Aluminium, Copper & Zinc Products",438.5,8016.13
INE945H01021,V2 Retail,V2RETAIL,532867,V2RETAIL.NS,Retailing,Speciality Retail,219.73,8012.18
INE284S01014,SJS Enterprises,SJS,543387,SJS.NS,Auto Components,Auto Components & Equipments,2497.4,7998.34
INE621H01010,Religare Enterp.,RELIGARE,532915,RELIGARE.NS,Finance,Investment Company,231.6,7984.03
INE0LMW01024,Cello World,CELLO,544012,CELLO.NS,Consumer Durables,Houseware,361.45,7983.89
INE276A01018,Garware Tech.,GARFIBRES,509557,GARFIBRES.NS,Textiles & Apparels,Other Textile Products,802.6,7967.08
INE099Z01011,Mishra Dhatu Nig,MIDHANI,541195,MIDHANI.NS,Aerospace & Defense,Aerospace & Defense,423.95,7942.28
INE211R01019,Power Mech Proj.,POWERMECH,539302,POWERMECH.NS,Construction,Civil Construction,2502.4,7911.66
INE517F01014,Guj Pipavav Port,GPPL,533248,GPPL.NS,Transport Infrastructure,Port & Port services,163.54,7906.18
INE640A01023,SKF India,SKFINDIA,500472,SKFINDIA.NS,Industrial Products,Abrasives & Bearings,1596.5,7892.77
INE473D01015,Kingfa Science,KINGFA,524019,KINGFA.NS,Industrial Products,Plastic Products - Industrial,5813.5,7878.1
INE221B01012,Dynamatic Tech.,DYNAMATECH,505242,DYNAMATECH.NS,Industrial Manufacturing,Industrial Products,11588,7869.92
INE460H01021,Star Cement,STARCEMENT,540575,STARCEMENT.NS,Cement & Cement Products,Cement & Cement Products,194.62,7866.16
INE495P01020,Mrs Bectors,BECTORFOOD,543253,BECTORFOOD.NS,Food Products,Packaged Foods,254.83,7823.04
INE254N01026,Hindustan Foods,HNDFDS,519126,HNDFDS.NS,Diversified FMCG,Diversified FMCG,644.8,7812.57
INE806T01020,Sapphire Foods,SAPPHIRE,543397,SAPPHIRE.NS,Leisure Services,Restaurants,242.34,7788.39
INE411F01010,Kama Holdings,KAMAHOLD,532468,KAMAHOLD.NS,Finance,Holding Company,2421.1,7769.45
INE679V01027,Aditya Vision,AVL,540205,AVL.NS,Retailing,Speciality Retail,601.35,7765.72
INE912T01018,Raghav Product.,RPEL,539837,RPEL.NS,Industrial Products,Electrodes & Refractories,1689.8,7759.89
INE743M01012,RHI Magnesita,RHIM,534076,RHIM.NS,Industrial Products,Electrodes & Refractories,375.25,7748.97
INE058A01010,Sanofi India,SANOFI,500674,SANOFI.NS,Pharmaceuticals & Biotechnology,Pharmaceuticals,3352.8,7721.5
INE294B01019,SML Mahindra,SMLMAH,505192,SMLMAH.NS,"Agricultural, Commercial & Construction Vehicles",Commercial Vehicles,5324,7703.83
INE560A01023,India Glycols,INDIAGLYCO,500201,INDIAGLYCO.NS,Beverages,Breweries & Distilleries,1146.5,7684.62
INE04TZ01018,Ethos,ETHOSLTD,543532,ETHOSLTD.NS,Consumer Durables,"Gems, Jewellery And Watches",2840.5,7600.52
INE0U3I01011,Unimech Aero.,UNIMECH,544322,UNIMECH.NS,Aerospace & Defense,Aerospace & Defense,1491.4,7591.52
INE483C01032,Tanla Platforms,TANLA,532790,TANLA.NS,IT - Software,Software Products,570.45,7566.11
INE739E01017,Cera Sanitary.,CERA,532443,CERA.NS,Consumer Durables,Sanitary Ware,5865.5,7565.05
INE16NZ01023,Orkla India,ORKLAINDIA,544595,ORKLAINDIA.NS,Food Products,Other Food Products,552.2,7564.55
INE0CU601026,GMR Urban,GMRP&UI,543490,GMRP&UI.NS,Power,Power Generation,96.58,7543.07
INE668F01031,Jyothy Labs,JYOTHYLAB,532926,JYOTHYLAB.NS,Household Products,Household Products,204.95,7526.06
INE545H01011,Technocraf.Inds.,TIIL,532804,TIIL.NS,Industrial Products,Iron & Steel Products,3318.8,7524.65
INE0HV901016,Le Travenues,IXIGO,544192,IXIGO.NS,Leisure Services,"Tour, Travel Related Services",170.3,7511.68
INE919H01018,Indian Metals,IMFA,533047,IMFA.NS,Ferrous Metals,Ferro & Silica Manganese,1383.8,7466.17
INE619B01017,Newgen Software,NEWGEN,540900,NEWGEN.NS,IT - Software,Computers - Software & Consulting,522.7,7449
INE900L01028,M B Agro Prod.,MBAPL,,MBAPL.NS,Fertilizers & Agrochemicals,Fertilizers,169.52,7427.26
INE07T201019,Restaurant Brand,RBA,543248,RBA.NS,Leisure Services,Restaurants,104.24,7418.96
INE0LRU01027,Aarti Pharma,AARTIPHARM,543748,AARTIPHARM.NS,Pharmaceuticals & Biotechnology,Pharmaceuticals,816.8,7406.73
INE517B01013,Tata Tele. Mah.,TTML,532371,TTML.NS,Telecom - Services,Telecom - Cellular & Fixed line services,37.78,7385.72
INE922K01024,INDIA SHELTE FIN,INDIASHLTR,544044,INDIASHLTR.NS,Finance,Housing Finance Company,675.25,7357.98
INE429E01023,Safari Inds.,SAFARI,523025,SAFARI.NS,Consumer Durables,Plastic Products - Consumer,1496.8,7333.92
INE2PB023011,RaajMarg Infra,RIIT,544734,RIIT.NS,Transport Infrastructure,"Road AssetsToll, Annuity, Hybrid-Annuity",121.91,7314.6
INE317F01035,NESCO,NESCO,505355,NESCO.NS,Commercial Services & Supplies,Diversified Commercial Services,1035.8,7298.24
INE884B01025,Kirl. Ferrous,KIRLFER,500245,KIRLFER.NS,Ferrous Metals,Pig Iron,441.2,7281.04
INE916U01025,Sheela Foam,SFL,540203,SFL.NS,Consumer Durables,"Furniture, Home Furnishing",664.95,7261.47
INE0UH301010,Omnitech Engg.,OMNI,544720,OMNI.NS,Industrial Manufacturing,Industrial Products,581,7185
INE02YR01019,Electronics Mart,EMIL,543626,EMIL.NS,Retailing,Diversified Retail,186.71,7183.64
INE314T01033,Gokul Agro,GOKULAGRO,539725,GOKULAGRO.NS,Agricultural Food & other Products,Edible Oil,242.8,7164.71
INE510W01014,Inox Green,INOXGREEN,543667,INOXGREEN.NS,Commercial Services & Supplies,Diversified Commercial Services,178.34,7160.21
INE00GO01025,Leap India,LEAPIND,544865,LEAPIND.NS,Commercial Services & Supplies,Diversified Commercial Services,162.02,7137.57
INE083K01017,Bengal & Assam,BENGALASM,533095,BENGALASM.NS,Finance,Non Banking Financial Company (NBFC),6256,7134.28
INE789E01012,JK Paper,JKPAPER,532162,JKPAPER.NS,"Paper, Forest & Jute Products",Paper & Paper Products,391.8,7104.07
INE0LZF01013,Waterways Leisur,CORDELIA,544802,CORDELIA.NS,Leisure Services,"Tour, Travel Related Services",978.4,7083.08
INE855B01025,Rain Industries,RAIN,500339,RAIN.NS,Chemicals & Petrochemicals,Petrochemicals,208.61,7016.6
INE546C01010,Piccadily Agro,PICCADIL,530305,PICCADIL.NS,Beverages,Breweries & Distilleries,709.8,6996.65
INE428V01029,Nephrocare Health Services,NEPHROPLUS,544647,NEPHROPLUS.NS,Healthcare Services,Healthcare Service Provider,694.1,6979.8
INE688A01022,Transport Corp.,TCI,532349,TCI.NS,Transport Services,Logistics Solution Provider,908.35,6978.96
INE278Y01022,Campus Activewe.,CAMPUS,543523,CAMPUS.NS,Consumer Durables,Footwear,228.15,6974.08
INE2Q7823014,Citius Transnet,CITIUSINVT,544753,CITIUSINVT.NS,Transport Infrastructure,"Road AssetsToll, Annuity, Hybrid-Annuity",114.31,6972.91
INE0RB801010,Senores Pharma.,SENORES,544319,SENORES.NS,Pharmaceuticals & Biotechnology,Pharmaceuticals,1513.3,6969.29
INE786A01032,JK Lakshmi Cem.,JKLAKSHMI,500380,JKLAKSHMI.NS,Cement & Cement Products,Cement & Cement Products,559.45,6945.26
INE399C01030,Suprajit Engg.,SUPRAJIT,532509,SUPRAJIT.NS,Auto Components,Auto Components & Equipments,505.4,6933.04
INE0CJD01029,Knowledge Marine,KMEW,543273,KMEW.NS,Engineering Services,Dredging,2725.6,6913.3
INE18JU01028,GNG Electronics,EBGNG,544455,EBGNG.NS,IT - Hardware,Computers Hardware & Equipments,606.2,6911.38
INE021O01019,Dodla Dairy,DODLA,543306,DODLA.NS,Food Products,Dairy Products,1138.4,6867.72
INE221J01015,Sharda Cropchem,SHARDACROP,538666,SHARDACROP.NS,Fertilizers & Agrochemicals,Pesticides & Agrochemicals,760.9,6864.88
INE340A01012,Birla Corpn.,BIRLACORPN,500335,BIRLACORPN.NS,Cement & Cement Products,Cement & Cement Products,889.25,6848.11
INE987S01020,KSH Internationa,KSHINTL,544664,KSHINTL.NS,Industrial Products,Cables - Electricals,1009.25,6838.24
INE555B01013,AXISCADES Tech.,AXISCADES,532395,AXISCADES.NS,Aerospace & Defense,Aerospace & Defense,1597.5,6794.73
INE0LXT01019,Redtape,REDTAPE,543957,REDTAPE.NS,Consumer Durables,Footwear,122.88,6792.9
INE419U01012,Happiest Minds,HAPPSTMNDS,543227,HAPPSTMNDS.NS,IT - Software,Computers - Software & Consulting,444.55,6769.38
INE460C01014,Ganesh Housing,GANESHHOU,526367,GANESHHOU.NS,Realty,"Residential, Commercial Projects",809.65,6751.44
INE011E01029,Balu Forge,BALUFORGE,531112,BALUFORGE.NS,Industrial Products,Castings & Forgings,555.4,6742.11
INE917M01012,Dilip Buildcon,DBL,540047,DBL.NS,Construction,Civil Construction,414.6,6734.96
INE050E01027,Balaji Amines,BALAMINES,530999,BALAMINES.NS,Chemicals & Petrochemicals,Specialty Chemicals,2078.2,6733.58
INE665J01013,V-Mart Retail,VMART,534976,VMART.NS,Retailing,Diversified Retail,838.85,6675.18
INE024001021,Aeroflex,AEROFLEX,543972,AEROFLEX.NS,Industrial Products,Iron & Steel Products,503,6656.24
INE647O01011,Aditya Bir. Fas.,ABFRL,535755,ABFRL.NS,Retailing,Speciality Retail,54.35,6633.47
INE177F01017,Kovai Medical,KOVAI,523323,KOVAI.NS,Healthcare Services,Hospital,6034.5,6601.74
INE921L01032,Powerica Ltd,POWERICA,544744,POWERICA.NS,Electrical Equipment,Heavy Electrical Equipment,518.3,6559.18
INE503A01015,DCB Bank,DCBBANK,532772,DCBBANK.NS,Banks,Private Sector Bank,203.59,6558.63
INE0Q7Q23015,NDR INVIT Trust,NDRINVIT,,NDRINVIT.NS,Commercial Services & Supplies,Diversified Commercial Services,142.5,6527.06
INE027A01015,R C F,RCF,524230,RCF.NS,Fertilizers & Agrochemicals,Fertilizers,118.16,6518.77
INE256C01024,Triven.Engg.Ind.,TRIVENI,532356,TRIVENI.NS,Agricultural Food & other Products,Sugar,295.28,6506.88
INE07RO01027,Supriya Lifesci.,SUPRIYA,543434,SUPRIYA.NS,Pharmaceuticals & Biotechnology,Pharmaceuticals,805.45,6482.49
INE274Y01021,Ajax Engineering,AJAXENGG,544356,AJAXENGG.NS,"Agricultural, Commercial & Construction Vehicles",Construction Vehicles,565.65,6471.42
INE544R01021,Greenlam Industr,GREENLAM,538979,GREENLAM.NS,Consumer Durables,Plywood Boards/ Laminates,253,6455.24
INE232I01014,SPARC,SPARC,532872,SPARC.NS,Pharmaceuticals & Biotechnology,Pharmaceuticals,196.71,6383.66
INE947A01014,Sunflag Iron,SUNFLAG,500404,SUNFLAG.NS,Industrial Products,Iron & Steel Products,353.85,6377.07
INE04VU01023,Seshaasai Tech.,STYL,544533,STYL.NS,Financial Technology (Fintech),Financial Technology (Fintech),392.55,6351.69
INE420C01059,Paisalo Digital,PAISALO,532900,PAISALO.NS,Finance,Non Banking Financial Company (NBFC),69.79,6347.55
INE074A01025,Praj Industries,PRAJIND,522205,PRAJIND.NS,Industrial Manufacturing,Industrial Products,344.35,6329.6
INE026A01025,G S F C,GSFC,500690,GSFC.NS,Fertilizers & Agrochemicals,Fertilizers,158.23,6305.11
INE0J5801029,Jeena Sikho,JSLL,544476,JSLL.NS,Leisure Services,Wellness,505.35,6281.54
INE078V01014,Vikram Solar,VIKRAMSOLR,544488,VIKRAMSOLR.NS,Electrical Equipment,Other Electrical Equipment,173.23,6277.06
INE439E01022,Skipper,SKIPPER,538562,SKIPPER.NS,Electrical Equipment,Heavy Electrical Equipment,554,6256.72
INE933K01021,Bajaj Consumer,BAJAJCON,533229,BAJAJCON.NS,Personal Products,Personal Care,478.35,6248.13
INE0DUT01020,Innova Captab,INNOVACAP,544067,INNOVACAP.NS,Pharmaceuticals & Biotechnology,Pharmaceuticals,1088.5,6228.93
INE908D01010,Shakti Pumps,SHAKTIPUMP,531431,SHAKTIPUMP.NS,Industrial Products,"Compressors, Pumps & Diesel Engines",503.55,6213.7
INE010601016,Entero Healthcar,ENTERO,544122,ENTERO.NS,Retailing,Pharmacy Retail,1423.6,6195.94
INE542W01025,KPI Green Energy,KPIGREEN,542323,KPIGREEN.NS,Power,Power Generation,312.6,6179.23
INE454P01035,Transrail Light,TRANSRAILL,544317,TRANSRAILL.NS,Electrical Equipment,Heavy Electrical Equipment,460,6175.78
INE0GTI23014,Shrem InvIT,SHREMINVIT,,SHREMINVIT.NS,Construction,Civil Construction,101,6169.53
INE953L01027,Jana Small Finan,JSFB,544118,JSFB.NS,Banks,Other Bank,582.35,6158.5
INE416D01022,Bliss GVS Pharma,BLISSGVS,506197,BLISSGVS.NS,Pharmaceuticals & Biotechnology,Pharmaceuticals,579.1,6154.4
INE128X01021,Archean Chemical,ACI,543657,ACI.NS,Chemicals & Petrochemicals,Specialty Chemicals,497.85,6146.38
INE506W01020,Krishana Phosch.,KRISHANA,,KRISHANA.NS,Fertilizers & Agrochemicals,Fertilizers,198.41,6133.61
INE0ISX01025,Kusumgar,KUSUMGAR,544821,KUSUMGAR.NS,Textiles & Apparels,Other Textile Products,581.95,6109.97
INE136S01016,Neogen Chemicals,NEOGEN,542665,NEOGEN.NS,Chemicals & Petrochemicals,Specialty Chemicals,2230.1,6106.39
INE239C01020,Stylam Industrie,STYLAMIND,526951,STYLAMIND.NS,Consumer Durables,Plywood Boards/ Laminates,3601.7,6104.18
INE0QJW01029,Lohia Corp,LCL,544839,LCL.NS,Industrial Manufacturing,Industrial Products,577.15,6097.59
INE305A01023,Tour. Fin. Corp.,TFCILTD,526650,TFCILTD.NS,Finance,Financial Institution,130.99,6064.54
INE064A01026,Timex Group,TIMEX,500414,TIMEX.NS,Consumer Durables,"Gems, Jewellery And Watches",599.95,6056.5
INE191A01027,Orchid Pharma,ORCHPHARMA,524372,ORCHPHARMA.NS,Pharmaceuticals & Biotechnology,Pharmaceuticals,1002.05,6000.8
INE955V01021,Arvind Fashions.,ARVINDFASN,542484,ARVINDFASN.NS,Retailing,Speciality Retail,448.35,5993.19
INE0NAZ01010,Smartworks Cowor,SMARTWORKS,544447,SMARTWORKS.NS,Commercial Services & Supplies,Diversified Commercial Services,523.25,5984.99
INE126M01010,Indiabulls,IBULLSLTD,533520,IBULLSLTD.NS,Commercial Services & Supplies,Diversified Commercial Services,25.58,5958.97
INE0M4D01010,Standard Engineering Technology,SETL,544333,SETL.NS,Industrial Manufacturing,Industrial Products,297.75,5939.86
INE285J01028,SIS,SIS,540673,SIS.NS,Other Consumer Services,Other Consumer Services,417.75,5904.1
INE007N01010,Fedbank Financi.,FEDFINA,544027,FEDFINA.NS,Finance,Non Banking Financial Company (NBFC),156.84,5881.76
INE353K01014,I T D C,ITDC,532189,ITDC.NS,Leisure Services,Hotels & Resorts,684.3,5869.2
INE887G01027,Gokaldas Exports,GOKEX,532630,GOKEX.NS,Textiles & Apparels,Garments & Apparels,797.6,5844.62
INE227J01012,Kalpat.,KALPATARU,544423,KALPATARU.NS,Realty,"Residential, Commercial Projects",283.45,5836.86
INE0J1F01024,Rashi Peripheral,RPTECH,544119,RPTECH.NS,IT - Hardware,Computers Hardware & Equipments,876.9,5823.12
INE091G01026,Jai Balaji Inds.,JAIBALAJI,532976,JAIBALAJI.NS,Ferrous Metals,Iron & Steel,63.57,5799.43
INE737H01014,Fiem Industries,FIEMIND,532768,FIEMIND.NS,Auto Components,Auto Components & Equipments,2198.8,5787.17
INE0GXK01018,V-Marc India,VMARCIND,,VMARCIND.NS,Industrial Products,Cables - Electricals,393.15,5760.6
INE0I7C01011,Latent View,LATENTVIEW,543398,LATENTVIEW.NS,IT - Software,Computers - Software & Consulting,278.1,5754.58
INE879I01012,Valor Estate,DBREALTY,533160,DBREALTY.NS,Realty,"Residential, Commercial Projects",106.08,5753.85
INE270A01029,Alok Industries,ALOKINDS,521070,ALOKINDS.NS,Textiles & Apparels,Other Textile Products,11.57,5744.78
INE599M01018,Just Dial,JUSTDIAL,535648,JUSTDIAL.NS,Retailing,Internet & Catalogue Retail,674.05,5732.73
INE055S01018,Cyient DLM,CYIENTDLM,543933,CYIENTDLM.NS,Aerospace & Defense,Aerospace & Defense,721.15,5724.73
INE386D01027,Shivalik Bimetal,SBCL,513097,SBCL.NS,Industrial Products,Iron & Steel Products,993.25,5721.54
INE258B01022,FDC,FDC,531599,FDC.NS,Pharmaceuticals & Biotechnology,Pharmaceuticals,348.6,5675.56
INE602W01027,Senco Gold,SENCO,543936,SENCO.NS,Consumer Durables,"Gems, Jewellery And Watches",345.4,5661.14
INE635Q01029,Gulf Oil Lubric.,GULFOILLUB,538567,GULFOILLUB.NS,Petroleum Products,Lubricants,1139.9,5648.83
INE559A01017,IFB Industries,IFBIND,505726,IFBIND.NS,Consumer Durables,Household Appliances,1393.2,5645.25
INE348A01023,Ashapura Minech.,ASHAPURMIN,527001,ASHAPURMIN.NS,Minerals & Mining,Industrial Minerals,590.25,5638.43
INE910A01012,Nirlon,NIRLON,500307,NIRLON.NS,Commercial Services & Supplies,Diversified Commercial Services,624.75,5630.25
INE679A01013,CSB Bank,CSBBANK,542867,CSBBANK.NS,Banks,Private Sector Bank,322.9,5601.86
INE858B01029,ISGEC Heavy,ISGEC,533033,ISGEC.NS,Construction,Civil Construction,755.1,5552.21
INE306A01021,Bajaj Hindusthan,BAJAJHIND,500032,BAJAJHIND.NS,Agricultural Food & other Products,Sugar,23.13,5529.61
INE279A01012,Universal Cables,UNIVCABLES,504212,UNIVCABLES.NS,Industrial Products,Cables - Electricals,1592.5,5525.24
INE045J01034,Fineotex Chem,FCL,533333,FCL.NS,Chemicals & Petrochemicals,Specialty Chemicals,47.43,5523.23
INE549A01026,Hind.Construct.,HCC,500185,HCC.NS,Construction,Civil Construction,21.03,5508.74
INE09VQ01012,Indigo Paints,INDIGOPNTS,543258,INDIGOPNTS.NS,Consumer Durables,Paints,1151.8,5497.85
INE162B01018,Lumax Industries,LUMAXIND,517206,LUMAXIND.NS,Auto Components,Auto Components & Equipments,5880,5497.8
INE348L01012,MAS FINANC SER,MASFIN,540749,MASFIN.NS,Finance,Non Banking Financial Company (NBFC),302.5,5488.96
INE0AG901020,Ceigall India,CEIGALL,544223,CEIGALL.NS,Construction,Civil Construction,314.35,5476.13
INE010A01011,Prism Johnson,PRSMJOHNSN,500338,PRSMJOHNSN.NS,Cement & Cement Products,Cement & Cement Products,107.97,5434.78
INE025B01025,Goldiam Intl.,GOLDIAM,526729,GOLDIAM.NS,Consumer Durables,"Gems, Jewellery And Watches",360.35,5425.33
INE570A01022,ION Exchange,IONEXCHANG,500214,IONEXCHANG.NS,Other Utilities,Water Supply & Management,368.65,5406.86
INE0BV301023,C.E. Info System,MAPMYINDIA,543425,MAPMYINDIA.NS,IT - Software,Software Products,983.9,5387.94
INE993A01026,Man Industries,MANINDS,513269,MANINDS.NS,Industrial Products,Iron & Steel Products,715.4,5366.18
INE395N01027,TVS Supply,TVSSCS,543965,TVSSCS.NS,Transport Services,Logistics Solution Provider,121.44,5358.22
INE087H01022,Sh.Renuka Sugar,RENUKA,532670,RENUKA.NS,Agricultural Food & other Products,Sugar,25.14,5351.02
INE694D01016,Vadilal Inds.,VADILALIND,519156,VADILALIND.NS,Food Products,Dairy Products,7417.5,5333.18
INE13B501022,Saatvik Green,SAATVIKGL,544526,SAATVIKGL.NS,Electrical Equipment,Other Electrical Equipment,418.95,5325.06
INE332A01027,Thomas Cook (I),THOMASCOOK,500413,THOMASCOOK.NS,Leisure Services,"Tour, Travel Related Services",113.17,5323.3
INE616Z01012,Yasho Industries,YASHO,541167,YASHO.NS,Chemicals & Petrochemicals,Specialty Chemicals,4400,5305.12
INE195J01029,PNC Infratech,PNCINFRA,539150,PNCINFRA.NS,Construction,Civil Construction,206.76,5304.2
INE483S01020,AvenuesAI,CCAVENUE,539807,CCAVENUE.NS,Financial Technology (Fintech),Financial Technology (Fintech),15.16,5288.41
INE759A01021,Mastek,MASTEK,523704,MASTEK.NS,IT - Software,Computers - Software & Consulting,1705.2,5286.53
INE218I01013,Canara Robeco,CRAMC,544580,CRAMC.NS,Capital Markets,Asset Management Company,264.7,5278.58
INE083A01026,Morepen Labs.,MOREPENLAB,500288,MOREPENLAB.NS,Pharmaceuticals & Biotechnology,Pharmaceuticals,96.01,5260.9
INE01JE01028,Marine Electric.,MARINE,,MARINE.NS,Industrial Manufacturing,Industrial Products,375.65,5257.01
INE597I01028,Sharda Motor,SHARDAMOTR,535602,SHARDAMOTR.NS,Auto Components,Auto Components & Equipments,913.1,5241.9
INE12F801023,Onemi Technology,KISSHT,544754,KISSHT.NS,Finance,Other Financial Services,310.95,5238.98
INE111Q01021,PDS,PDSL,538730,PDSL.NS,Textiles & Apparels,Trading - Textile Products,369.7,5229.79
INE323I01011,Puravankara,PURVA,532891,PURVA.NS,Realty,"Residential, Commercial Projects",219.36,5202.12
INE025R01021,Artemis Medicare,ARTEMISMED,542919,ARTEMISMED.NS,Healthcare Services,Hospital,326.1,5162.37
INE490G01020,MOIL,MOIL,533286,MOIL.NS,Minerals & Mining,Industrial Minerals,252.85,5145.12
INE337A01034,L G Balakrishnan,LGBBROSLTD,500250,LGBBROSLTD.NS,Auto Components,Auto Components & Equipments,1609,5131.49
INE320B01020,Centum Electron,CENTUM,517544,CENTUM.NS,Aerospace & Defense,Aerospace & Defense,3439,5076.66
INE183W23014,IRB InvIT Fund,IRBINVIT,540526,IRBINVIT.NS,Transport Infrastructure,"Road AssetsToll, Annuity, Hybrid-Annuity",64.15,5073.93
INE366I01010,VRL Logistics,VRLLOG,539118,VRLLOG.NS,Transport Services,Logistics Solution Provider,288.75,5051.31
INE0B9K01025,Bansal Wire Inds,BANSALWIRE,544209,BANSALWIRE.NS,Industrial Products,Iron & Steel Products,322.3,5045.8
INE459A01010,Bannari Amm.Sug.,BANARISUG,500041,BANARISUG.NS,Agricultural Food & other Products,Sugar,4019.7,5040.58
INE752H01013,CARE Ratings,CARERATING,534804,CARERATING.NS,Capital Markets,Ratings,1674.4,5038.92
INE186A01019,Gujarat Alkalies,GUJALKALI,530001,GUJALKALI.NS,Chemicals & Petrochemicals,Commodity Chemicals,684.25,5025.13
INE615P01015,Quess Corp,QUESS,539978,QUESS.NS,Commercial Services & Supplies,Diversified Commercial Services,335.85,5016.25
INE485C01029,IOL Chemicals,IOLCP,524164,IOLCP.NS,Pharmaceuticals & Biotechnology,Pharmaceuticals,169.52,4975.88
INE943D01017,MPS,MPSLTD,532440,MPSLTD.NS,Printing & Publication,Printing & Publication,2897.9,4957.09
INE255X01014,MSTC,MSTCLTD,542597,MSTCLTD.NS,Commercial Services & Supplies,Trading & Distributors,701.45,4938.21
INE291D01011,KDDL Ltd,KDDL,532054,KDDL.NS,Consumer Durables,"Gems, Jewellery And Watches",4005.4,4926.35
INE127I01024,Goodluck India,GOODLUCK,530655,GOODLUCK.NS,Industrial Products,Iron & Steel Products,490.9,4895.04
INE945F01025,Dec.Gold Mines,DECNGOLD,512068,DECNGOLD.NS,Non - Ferrous Metals,Precious Metals,245.67,4881.51
INE415A01038,AGI Greenpac,AGI,500187,AGI.NS,Industrial Products,Packaging,753.6,4875.59
INE350C01017,Optiemus Infra.,OPTIEMUS,530135,OPTIEMUS.NS,Telecom -  Equipment & Accessories,Telecom -  Equipment & Accessories,540.2,4870.79
INE841L01016,DEE Development,DEEDEV,544198,DEEDEV.NS,Industrial Manufacturing,Industrial Products,646.1,4861.22
INE071N01016,Epigral,EPIGRAL,543332,EPIGRAL.NS,Chemicals & Petrochemicals,Specialty Chemicals,1126,4857.71
INE039C01032,Jamna Auto Inds.,JAMNAAUTO,520051,JAMNAAUTO.NS,Auto Components,Auto Components & Equipments,121.41,4856.22
INE0SF023016,Nxt-Infra Trust,NXT-INFRA,,NXT-INFRA.NS,Construction,Civil Construction,96.2,4855.28
INE365B01017,Datamatics Glob.,DATAMATICS,532528,DATAMATICS.NS,IT - Services,IT Enabled Services,819.25,4842.29
INE417C01014,Pilani Invest.,PILANIINVS,539883,PILANIINVS.NS,Finance,Investment Company,4356.9,4824.07
INE576O01020,Laxmi Organic,LXCHEM,543277,LXCHEM.NS,Chemicals & Petrochemicals,Specialty Chemicals,173.21,4813.76
INE645S01024,Rolex Rings,ROLEXRINGS,543325,ROLEXRINGS.NS,Auto Components,Auto Components & Equipments,183.37,4810.4
INE725G01011,ICRA,ICRA,532835,ICRA.NS,Capital Markets,Ratings,4964.8,4791.64
INE335A01020,Surya Roshni,SURYAROSNI,500336,SURYAROSNI.NS,Industrial Products,Iron & Steel Products,219.8,4783.64
INE287B01021,Subros,SUBROS,517168,SUBROS.NS,Industrial Products,Other Industrial Products,733.15,4782.76
INE17IR01028,Laser Power,LASERPOWER,544822,LASERPOWER.NS,Industrial Products,Cables - Electricals,337.55,4738.13
INE349A01021,NRB Bearings,NRBBEARING,530367,NRBBEARING.NS,Auto Components,Auto Components & Equipments,486.1,4711.41
INE782A01015,Bosch Home Comfort,BOSCH-HCIL,523398,BOSCH-HCIL.NS,Consumer Durables,Household Appliances,1725.3,4691.09
INE263M01029,Keystone Realtor,RUSTOMJEE,543669,RUSTOMJEE.NS,Realty,"Residential, Commercial Projects",371.45,4689.58
INE0E7301029,Wakefit Innovati,WAKEFIT,544642,WAKEFIT.NS,Consumer Durables,"Furniture, Home Furnishing",141.36,4683.7
INE696F01016,Juniper Hotels,JUNIPER,544129,JUNIPER.NS,Leisure Services,Hotels & Resorts,210.08,4674.33
INE758C01029,Ahluwalia Contr.,AHLUCONT,532811,AHLUCONT.NS,Construction,Civil Construction,696.2,4663.67
INE00WV01027,CMR Green Tech.,CMRGREEN,544777,CMRGREEN.NS,Industrial Products,"Aluminium, Copper & Zinc Products",212.87,4663.03
INE850M01015,Northern Arc,NORTHARC,544260,NORTHARC.NS,Finance,Non Banking Financial Company (NBFC),288.35,4661.22
INE035D01020,Savita Oil Tech,SOTL,524667,SOTL.NS,Petroleum Products,Lubricants,677.3,4643.6
INE498B01024,Shoppers Stop,SHOPERSTOP,532638,SHOPERSTOP.NS,Retailing,Diversified Retail,421.3,4642.96
INE802C01033,Steel Str. Wheel,SSWL,513262,SSWL.NS,Auto Components,Auto Components & Equipments,295,4639.32
INE877F01012,PTC India,PTC,532524,PTC.NS,Power,Power Trading,156.56,4634.31
INE236E01022,Ellen.Indl.Gas,ELLEN,544421,ELLEN.NS,Chemicals & Petrochemicals,Industrial Gases,328.5,4629.73
INE870H01013,Netwrk.18 Media,NETWORK18,532798,NETWORK18.NS,Entertainment,Media & Entertainment,29.86,4604.41
INE541A01023,GMM Pfaudler,GMMPFAUDLR,505255,GMMPFAUDLR.NS,Industrial Manufacturing,Industrial Products,1022.35,4596.2
INE086A01029,Electrost.Cast.,ELECTCAST,500128,ELECTCAST.NS,Industrial Products,Iron & Steel Products,73.87,4566.53
INE618R01015,SG Finserve,SGFIN,539199,SGFIN.NS,Finance,Non Banking Financial Company (NBFC),687.15,4527.97
INE835D01023,Hirect,HIRECT,504036,HIRECT.NS,Industrial Manufacturing,Industrial Products,1273.7,4516.36
INE00M201021,Sterling & Wils.,SWSOLAR,542760,SWSOLAR.NS,Construction,Civil Construction,192.17,4487.96
INE878A01011,GE Power,GVPIL,532309,GVPIL.NS,Electrical Equipment,Heavy Electrical Equipment,667.35,4486.43
INE224A01026,Greaves Cotton,GREAVESCOT,501455,GREAVESCOT.NS,Industrial Products,"Compressors, Pumps & Diesel Engines",192.48,4483.85
INE998I01010,Mahindra Holiday,MHRIL,533088,MHRIL.NS,Leisure Services,Hotels & Resorts,221.79,4481.4
INE01QM01018,eMudhra,EMUDHRA,543533,EMUDHRA.NS,IT - Services,IT Enabled Services,540.85,4478.87
INE207E01023,Ram Ratna Wires,RAMRAT,522281,RAMRAT.NS,Electrical Equipment,Other Electrical Equipment,477.35,4456.02
INE024F01011,Shilchar Tech.,SHILCTECH,531201,SHILCTECH.NS,Electrical Equipment,Other Electrical Equipment,3883.1,4442.34
INE516A01017,Uflex,UFLEX,500148,UFLEX.NS,Industrial Products,Packaging,614.6,4438.12
INE02ID01020,Raymond Lifestyl,RAYMONDLSL,544240,RAYMONDLSL.NS,Textiles & Apparels,Other Textile Products,726.95,4428.84
INE765D01022,WPIL,WPIL,505872,WPIL.NS,Industrial Manufacturing,Industrial Products,451.35,4408.37
INE0FHS01024,Deep Industries,DEEPINDS,543288,DEEPINDS.NS,Oil,Oil Equipment & Services,688.05,4403.52
INE0OC301013,Turtlemint Fintech,TURTLEMINT,544799,TURTLEMINT.NS,Financial Technology (Fintech),Financial Technology (Fintech),149.34,4397.75
INE949H01023,Man Infra,MANINFRA,533169,MANINFRA.NS,Realty,"Residential, Commercial Projects",108.67,4386.64
INE054A01027,V I P Inds.,VIPIND,507880,VIPIND.NS,Consumer Durables,Plastic Products - Consumer,308.35,4380.17
INE435G01025,Dhanuka Agritech,DHANUKA,507717,DHANUKA.NS,Fertilizers & Agrochemicals,Pesticides & Agrochemicals,980.3,4370.01
INE105J01010,RPG LifeScience.,RPGLIFE,532983,RPGLIFE.NS,Pharmaceuticals & Biotechnology,Pharmaceuticals,2636.6,4360.68
INE805D01034,Sunteck Realty,SUNTECK,512179,SUNTECK.NS,Realty,"Residential, Commercial Projects",296.35,4351.66
INE277A01016,Swaraj Engines,SWARAJENG,500407,SWARAJENG.NS,Industrial Products,"Compressors, Pumps & Diesel Engines",3569.8,4337.26
INE742B01025,Gufic BioScience,GUFICBIO,509079,GUFICBIO.NS,Pharmaceuticals & Biotechnology,Pharmaceuticals,431.5,4327.19
INE301A01014,Raymond,RAYMOND,500330,RAYMOND.NS,Industrial Manufacturing,Industrial Products,643.15,4281.69
INE005B01027,Avantel,AVANTEL,532406,AVANTEL.NS,Aerospace & Defense,Aerospace & Defense,160.22,4257.22
INE497B01018,SEAMEC Ltd,SEAMECLTD,526807,SEAMECLTD.NS,Transport Services,Shipping,1674.3,4256.91
INE621L01012,Texmaco Rail,TEXRAIL,533326,TEXRAIL.NS,Industrial Manufacturing,Railway Wagons,104.57,4254.58
INE979B01015,Hawkins Cookers,HAWKINCOOK,508486,HAWKINCOOK.NS,Consumer Durables,Houseware,8029.5,4247.61
INE399K01017,RattanIndia Pow.,RTNPOWER,533122,RTNPOWER.NS,Power,Power Generation,7.89,4237.01
INE270I01022,Vishnu Chemicals,VISHNU,516072,VISHNU.NS,Chemicals & Petrochemicals,Specialty Chemicals,629.25,4235.81
INE976A01021,West Coast Paper,WSTCSTPAPR,500444,WSTCSTPAPR.NS,"Paper, Forest & Jute Products",Paper & Paper Products,637.25,4209.04
INE834M01019,RattanIndia Ent,RTNINDIA,534597,RTNINDIA.NS,Retailing,E-Retail/ E-Commerce,30.45,4209.01
INE225D01027,Symphony,SYMPHONY,517385,SYMPHONY.NS,Consumer Durables,Household Appliances,612.5,4206.12
INE501X01029,Aye Finance,AYE,544699,AYE.NS,Finance,Non Banking Financial Company (NBFC),170.02,4195.85
INE094I01018,Kolte Patil Dev.,KOLTEPATIL,532924,KOLTEPATIL.NS,Realty,"Residential, Commercial Projects",468.55,4155.11
INE942C01045,Guj. Themis Bio.,GUJTHEM,506879,GUJTHEM.NS,Pharmaceuticals & Biotechnology,Pharmaceuticals,381.2,4153.76
INE989A01032,Sanghvi Movers,SANGHVIMOV,530073,SANGHVIMOV.NS,Commercial Services & Supplies,Diversified Commercial Services,479.35,4150.02
INE332H01014,Indo Tech.Trans.,INDOTECH,532717,INDOTECH.NS,Electrical Equipment,Heavy Electrical Equipment,3902.5,4144.46
INE688D01026,Responsive Ind,RESPONIND,505509,RESPONIND.NS,Consumer Durables,"Furniture, Home Furnishing",155.06,4134.03
INE613A01020,Rallis India,RALLIS,500355,RALLIS.NS,Fertilizers & Agrochemicals,Pesticides & Agrochemicals,212.18,4126.24
INE0XAD01024,Midwest,MIDWESTLTD,544587,MIDWESTLTD.NS,Consumer Durables,Granites & Marbles,1141,4125.95
INE896L01010,Indostar Capital,INDOSTAR,541336,INDOSTAR.NS,Finance,Non Banking Financial Company (NBFC),253.15,4092.31
INE539A01019,GHCL,GHCL,500171,GHCL.NS,Chemicals & Petrochemicals,Commodity Chemicals,442.4,4075.86
INE925R01014,CMS Info Systems,CMSINFO,543441,CMSINFO.NS,Commercial Services & Supplies,Diversified Commercial Services,247,4075.56
INE193E01025,Bajaj Electrical,BAJAJELEC,500031,BAJAJELEC.NS,Consumer Durables,Household Appliances,351.65,4057.79
INE515A01019,John Cockerill,COCKERILL,500147,COCKERILL.NS,Industrial Manufacturing,Industrial Products,8213.5,4055.67
INE0OJW01016,Rossell Techsys,ROSSTECH,544294,ROSSTECH.NS,Aerospace & Defense,Aerospace & Defense,1074.2,4049.36
INE349Y01013,Ideaforge Tech,IDEAFORGE,543932,IDEAFORGE.NS,Aerospace & Defense,Aerospace & Defense,812.5,4038.82
INE056I01025,Refex Industries,REFEX,532884,REFEX.NS,Other Utilities,Waste Management,293.95,4033.57
INE495A01022,Dalmia Bharat,DALMIASUG,500097,DALMIASUG.NS,Agricultural Food & other Products,Sugar,497.95,4030.37
INE519A01011,Foseco India,FOSECOIND,500150,FOSECOIND.NS,Chemicals & Petrochemicals,Specialty Chemicals,5346,4029.42
INE278H01035,Sandhar Tech,SANDHAR,541163,SANDHAR.NS,Auto Components,Auto Components & Equipments,667.75,4019.23
INE0R8O23017,Sustainable Ener,SEITINVIT,,SEITINVIT.NS,Power,Power Generation,124,4017.6
INE06ST01018,Indiqube Spaces,INDIQUBE,544454,INDIQUBE.NS,Commercial Services & Supplies,Diversified Commercial Services,189.1,4008.88
INE0ILV01024,Capillary Tech.,CAPILLARY,544614,CAPILLARY.NS,IT - Software,Software Products,502.35,3998.14
INE935B01025,Moschip Tech.,MOSCHIP,532407,MOSCHIP.NS,IT - Hardware,Computers Hardware & Equipments,204.89,3996.34
INE0JUS01029,Harsha Engg Intl,HARSHA,543600,HARSHA.NS,Industrial Products,Other Industrial Products,437.6,3984.09
INE295D01020,NACL Industries,NACLIND,524709,NACLIND.NS,Fertilizers & Agrochemicals,Pesticides & Agrochemicals,169.97,3981.43
INE766P01016,Mahindra Logis.,MAHLOG,540768,MAHLOG.NS,Transport Services,Logistics Solution Provider,401.15,3980.31
INE450D01021,Pitti Engg.,PITTIENG,513519,PITTIENG.NS,Industrial Manufacturing,Industrial Products,1052.2,3961.91
INE142Z01019,Orient Electric,ORIENTELEC,541301,ORIENTELEC.NS,Consumer Durables,Household Appliances,185.08,3948.98
INE0JPD01013,Sanathan Textile,SANATHAN,544314,SANATHAN.NS,Textiles & Apparels,Other Textile Products,465.6,3929.85
INE455I01029,Kaveri Seed Co.,KSCL,532899,KSCL.NS,Agricultural Food & other Products,Other Agricultural Products,760.1,3909.88
INE0S3G01027,Pace Digitek,PACEDIGITK,544550,PACEDIGITK.NS,Telecom - Services,Telecom - Infrastructure,180.69,3900.22
INE250A01039,Kirloskar Indus.,KIRLOSIND,500243,KIRLOSIND.NS,Industrial Products,Iron & Steel Products,3685,3872.78
INE907A01026,Kalyani Steels,KSL,500235,KSL.NS,Industrial Products,Iron & Steel Products,881.15,3846.49
INE132H01018,Aurionpro Sol.,AURIONPRO,532668,AURIONPRO.NS,IT - Software,Computers - Software & Consulting,695.55,3843.73
INE1SY401010,Raymond Realty,RAYMONDREL,544420,RAYMONDREL.NS,Realty,"Residential, Commercial Projects",576.9,3840.64
INE063E01061,Pondy Oxides,POCL,532626,POCL.NS,Diversified Metals,Diversified Metals,502.45,3832.6
INE576I01022,J Kumar Infra,JKIL,532940,JKIL.NS,Construction,Civil Construction,506.3,3830.94
INE0MWH01014,TruAlt Bioenergy,TRUALT,544545,TRUALT.NS,Agricultural Food & other Products,Other Agricultural Products,446.15,3825.85
INE764D01017,VST Till. Tract.,VSTTILLERS,531266,VSTTILLERS.NS,"Agricultural, Commercial & Construction Vehicles",Tractors,4410.2,3816.04
INE12NJ01018,Sambhv Steel,SAMBHV,544430,SAMBHV.NS,Industrial Products,Iron & Steel Products,129.35,3811.57
INE932X01026,Share India Sec.,SHAREINDIA,540725,SHAREINDIA.NS,Capital Markets,Stockbroking & Allied,174.13,3810.41
INE767A01016,Aarti Drugs,AARTIDRUGS,524348,AARTIDRUGS.NS,Pharmaceuticals & Biotechnology,Pharmaceuticals,417.4,3809.61
INE884A01027,Vaibhav Global,VAIBHAVGBL,532156,VAIBHAVGBL.NS,Consumer Durables,"Gems, Jewellery And Watches",226.05,3789
INE0GK401011,Tatva Chintan,TATVA,543321,TATVA.NS,Chemicals & Petrochemicals,Specialty Chemicals,1616.4,3781.09
INE358U01012,Zota Health Care,ZOTA,,ZOTA.NS,Pharmaceuticals & Biotechnology,Pharmaceuticals,1087.4,3765.95
INE633B01018,Polyplex Corpn,POLYPLEX,524051,POLYPLEX.NS,Industrial Products,Packaging,1194.1,3748.57
INE421C01016,TVS Srichakra,TVSSRICHAK,509243,TVSSRICHAK.NS,Auto Components,Tyres & Rubber Products,4879.1,3737.39
INE822C01015,TCPL Packaging,TCPLPACK,523301,TCPLPACK.NS,Industrial Products,Packaging,4101.3,3732.18
INE753U01022,Divgi Torq,DIVGIITTS,543812,DIVGIITTS.NS,Auto Components,Auto Components & Equipments,1217.9,3724.69
INE0AJG01018,Hemisphere Prop,HEMIPROP,543242,HEMIPROP.NS,Commercial Services & Supplies,Diversified Commercial Services,130.58,3721.53
INE351A01035,Unichem Labs.,UNICHEMLAB,506690,UNICHEMLAB.NS,Pharmaceuticals & Biotechnology,Pharmaceuticals,526.15,3704.4
INE715A01015,Wheels India,WHEELS,590073,WHEELS.NS,Auto Components,Auto Components & Equipments,1512.8,3696.23
INE816B01035,Filatex India,FILATEX,526227,FILATEX.NS,Textiles & Apparels,Other Textile Products,83.06,3688.35
INE244O01017,Uniparts India,UNIPARTS,543689,UNIPARTS.NS,Auto Components,Auto Components & Equipments,815.3,3681.98
INE950I01011,D B Corp,DBCORP,533151,DBCORP.NS,Media,Print Media,205.86,3669.55
INE461C01038,Greenply Industr,GREENPLY,526797,GREENPLY.NS,Consumer Durables,Plywood Boards/ Laminates,293.5,3665.88
INE111B01023,63 Moons Tech.,63MOONS,526881,63MOONS.NS,IT - Software,Computers - Software & Consulting,795.5,3665.55
INE189B01011,Styrenix Perfor.,STYRENIX,506222,STYRENIX.NS,Chemicals & Petrochemicals,Specialty Chemicals,2081.6,3661.53
INE0EK901012,TARC Ltd,TARC,543249,TARC.NS,Realty,"Residential, Commercial Projects",124.07,3661.26
INE325D01025,Sindhu Trade,SINDHUTRAD,532029,SINDHUTRAD.NS,Consumable Fuels,Coal,23.68,3651.29
INE976R01033,AGI Infra,AGIIL,539042,AGIIL.NS,Realty,"Residential, Commercial Projects",291.25,3640.55
INE365D01021,Ashiana Housing,ASHIANA,523716,ASHIANA.NS,Realty,"Residential, Commercial Projects",361.8,3636.99
INE414D01027,Bhagiradha Chem.,BHAGCHEM,531719,BHAGCHEM.NS,Fertilizers & Agrochemicals,Pesticides & Agrochemicals,280.2,3633.33
INE294Z01018,The Anup Enginee,ANUP,542460,ANUP.NS,Industrial Manufacturing,Industrial Products,1808.9,3623.49
INE150G01020,Lux Industries,LUXIND,539542,LUXIND.NS,Textiles & Apparels,Garments & Apparels,1203.4,3618.83
INE488V01015,PSP Projects,PSPPROJECT,540544,PSPPROJECT.NS,Construction,Civil Construction,911.95,3615.13
INE710A01016,VST Industries,VSTIND,509966,VSTIND.NS,Cigarettes & Tobacco Products,Cigarettes & Tobacco Products,212.69,3612.78
INE124E01038,Steelcast,STEELCAS,513517,STEELCAS.NS,Industrial Products,Castings & Forgings,356.05,3603.23
INE578A01017,Heidelberg Cem.,HEIDELBERG,500292,HEIDELBERG.NS,Cement & Cement Products,Cement & Cement Products,158.98,3602.7
INE046W01019,Muthoot Microfin,MUTHOOTMF,544055,MUTHOOTMF.NS,Finance,Microfinance Institutions,210.87,3595.17
INE855C01023,Websol Energy,WEBELSOLAR,517498,WEBELSOLAR.NS,Electrical Equipment,Other Electrical Equipment,82.8,3594.87
INE863B01029,Prem. Explosives,PREMEXPLN,526247,PREMEXPLN.NS,Chemicals & Petrochemicals,Explosives,665.15,3575.93
INE634I01029,KNR Construct.,KNRCON,532942,KNRCON.NS,Construction,Civil Construction,127,3571.68
INE631A01022,Shanthi Gears,SHANTIGEAR,522034,SHANTIGEAR.NS,Industrial Manufacturing,Industrial Products,464.25,3561.53
INE08U801020,Samhi Hotels,SAMHI,543984,SAMHI.NS,Leisure Services,Hotels & Resorts,159.56,3547.97
INE247D01039,Jindal Worldwide,JINDWORLD,531543,JINDWORLD.NS,Textiles & Apparels,Other Textile Products,35.33,3542.19
INE978A01027,Heritage Foods,HERITGFOOD,519552,HERITGFOOD.NS,Food Products,Dairy Products,380.85,3534.14
INE0L9R01028,Gopal Snacks,GOPAL,544140,GOPAL.NS,Food Products,Packaged Foods,282.3,3519.34
INE234A01025,Novartis India,NOVARTIND,500672,NOVARTIND.NS,Pharmaceuticals & Biotechnology,Pharmaceuticals,1418.9,3503.38
INE643A01035,JTEKT India,JTEKTINDIA,520057,JTEKTINDIA.NS,Auto Components,Auto Components & Equipments,126.1,3497.97
INE0RUV01018,Aimtron,AIMTRON,,AIMTRON.NS,Industrial Manufacturing,Industrial Products,1675.1,3491.14
INE552U01010,Kwality Pharma,KPL,539997,KPL.NS,Pharmaceuticals & Biotechnology,Pharmaceuticals,3361.1,3487.54
INE11XY01018,Caliber Mining,CMLL,544833,CMLL.NS,Consumable Fuels,Coal,529.65,3462.63
INE870D01012,Natl.Fertilizer,NFL,523630,NFL.NS,Fertilizers & Agrochemicals,Fertilizers,70.3,3448.78
INE0LLY01014,Enviro Infra,EIEL,544290,EIEL.NS,Other Utilities,Water Supply & Management,194.73,3418.1
INE0BYP01024,Oswal Pumps,OSWALPUMPS,544418,OSWALPUMPS.NS,Industrial Products,"Compressors, Pumps & Diesel Engines",299.6,3415.59
INE731F01037,Welspun Special.,WELSPLSOL,500365,WELSPLSOL.NS,Industrial Products,Iron & Steel Products,51.38,3404.5
INE681B01017,Indrapr.Medical,INDRAMEDCO,532150,INDRAMEDCO.NS,Healthcare Services,Hospital,369.7,3389.15
INE266Y01019,D.P. Abhushan,DPABHUSHAN,544161,DPABHUSHAN.NS,Consumer Durables,"Gems, Jewellery And Watches",1482.4,3384.01
INE03CC01015,Jubilant Agri,JUBLCPL,544355,JUBLCPL.NS,Chemicals & Petrochemicals,Specialty Chemicals,2227.8,3375.67
INE050M01012,Vardhman Special,VSSL,534392,VSSL.NS,Industrial Products,Iron & Steel Products,348.7,3371.97
INE837H01020,Advanced Enzyme,ADVENZYMES,540025,ADVENZYMES.NS,Pharmaceuticals & Biotechnology,Biotechnology,300,3359.28
INE0MIZ23019,Anzen IYEP Trust,ANZEN,543655,ANZEN.NS,Power,Power - Transmission,131,3349.92
INE812G01025,SMS Pharma.,SMSPHARMA,532815,SMSPHARMA.NS,Pharmaceuticals & Biotechnology,Pharmaceuticals,356.6,3339.63
INE926X01010,H.G. Infra Engg.,HGINFRA,541019,HGINFRA.NS,Construction,Civil Construction,511.9,3336.11
INE01EO01010,Spectrum Electr.,SPECTRUM,544386,SPECTRUM.NS,Industrial Manufacturing,Industrial Products,2121.8,3334.16
INE206N01018,Ravindra Energy,RELTD,504341,RELTD.NS,Electrical Equipment,Other Electrical Equipment,167.63,3328.28
INE0FFK01017,Network People,NPST,544396,NPST.NS,Financial Technology (Fintech),Financial Technology (Fintech),1588.5,3314.17
INE440T01028,Shanti Educat.,SEIL,539921,SEIL.NS,Other Consumer Services,Education,205.84,3314.02
INE229H01012,Nitin Spinners,NITINSPIN,532698,NITINSPIN.NS,Textiles & Apparels,Other Textile Products,588.45,3308.27
INE066O01014,Wonderla Holiday,WONDERLA,538268,WONDERLA.NS,Leisure Services,Amusement Parks/ Other Recreation,519.2,3295.11
INE040D01038,Mayur Uniquoters,MAYURUNIQ,522249,MAYURUNIQ.NS,Consumer Durables,Leather And Leather Products,757.1,3289.8
INE482D01024,Carysil,CARYSIL,524091,CARYSIL.NS,Consumer Durables,Household Appliances,1155.4,3286.26
INE052A01021,Windsor Machines,WINDMACHIN,522029,WINDMACHIN.NS,Industrial Manufacturing,Industrial Products,314.6,3254.83
INE202H01019,Kernex Microsys.,KERNEX,532686,KERNEX.NS,Transport Services,Transport Related Services,1934.5,3250.66
INE116A01032,Apcotex Industri,APCOTEXIND,523694,APCOTEXIND.NS,Industrial Products,Rubber,625.05,3240.57
INE139R01012,Fusion Finance,FUSION,543652,FUSION.NS,Finance,Microfinance Institutions,200.12,3235.62
INE549H01021,Anand Rathi Shar,ARSSBL,544530,ARSSBL.NS,Capital Markets,Stockbroking & Allied,511.7,3227.11
INE094B01013,Ashika Global Securities.,ASHIKAG,543766,ASHIKAG.NS,Finance,Non Banking Financial Company (NBFC),436.3,3225.37
INE0JA001018,Venus Pipes,VENUSPIPES,543528,VENUSPIPES.NS,Industrial Products,Iron & Steel Products,1556.6,3224.67
INE382M01027,United Foodbrands,UFBL,543283,UFBL.NS,Leisure Services,Restaurants,822.6,3217.82
INE442H01029,Ashoka Buildcon,ASHOKA,533271,ASHOKA.NS,Construction,Civil Construction,114.22,3206.42
INE401H01017,Kewal Kir.Cloth.,KKCL,532732,KKCL.NS,Textiles & Apparels,Garments & Apparels,516.45,3182.63
INE01FR01028,Baazar Style,STYLEBAAZA,544243,STYLEBAAZA.NS,Retailing,Speciality Retail,417.65,3179.04
INE266D01021,Grauer & Weil,GRAUWEIL,505710,GRAUWEIL.NS,Chemicals & Petrochemicals,Commodity Chemicals,70.07,3177.05
INE450U01017,Route Mobile,ROUTE,543228,ROUTE.NS,Telecom - Services,Other Telecom Services,502.3,3164.64
INE342G01023,NIIT Learning,NIITMTS,543952,NIITMTS.NS,Other Consumer Services,Education,228.8,3157.5
INE227C01017,M M Forgings,MMFL,522241,MMFL.NS,Auto Components,Auto Components & Equipments,652.6,3150.86
INE689W01016,Prince Pipes,PRINCEPIPE,542907,PRINCEPIPE.NS,Industrial Products,Plastic Products - Industrial,283.3,3132.2
INE922A01025,Bhansali Engg.,BEPL,500052,BEPL.NS,Chemicals & Petrochemicals,Petrochemicals,125.82,3131.14
INE506A01018,Dredging Corpn.,DREDGECORP,523618,DREDGECORP.NS,Engineering Services,Dredging,1116.5,3126.2
INE415I01015,Kiri Industries,KIRIINDUS,532967,KIRIINDUS.NS,Chemicals & Petrochemicals,Dyes And Pigments,477.9,3114.38
INE314H01012,Technvision Ven.,TECHNVISN,501421,TECHNVISN.NS,IT - Software,Software Products,4932,3097.3
INE310A01015,Nilkamal Ltd,NILKAMAL,523385,NILKAMAL.NS,Consumer Durables,Plastic Products - Consumer,2053.6,3063.97
INE034S01021,Arvind SmartSp.,ARVSMART,539301,ARVSMART.NS,Realty,"Residential, Commercial Projects",667,3061.33
INE903D01011,Monarch Networth,MONARCH,511551,MONARCH.NS,Capital Markets,Stockbroking & Allied,385.45,3056.94
INE24OJ01011,Shankara Buildpro,BUILDPRO,544517,BUILDPRO.NS,Retailing,Speciality Retail,1256.4,3046.69
INE050H01012,Rane (Madras),RML,532661,RML.NS,Auto Components,Auto Components & Equipments,1101,3042.85
INE02PY01013,Borosil,BOROLTD,543212,BOROLTD.NS,Consumer Durables,Houseware,254.18,3039.68
INE391J01032,JTL Industries,JTLIND,534600,JTLIND.NS,Industrial Products,Iron & Steel Products,79.52,3038
INE0S4R01014,Crizac,CRIZAC,544439,CRIZAC.NS,Retailing,Internet & Catalogue Retail,172.84,3024.4
INE0V7W01012,Carraro India,CARRARO,544320,CARRARO.NS,Auto Components,Auto Components & Equipments,531.4,3021.09
INE614A01028,Ramco Inds.,RAMCOIND,532369,RAMCOIND.NS,Other Construction Materials,Other Construction Materials,347,3013.4
INE164A01016,Balmer Lawrie,BALMLAWRIE,523319,BALMLAWRIE.NS,Diversified,Diversified,174.64,2986.41
INE039O01029,Jash Engineering,JASH,544402,JASH.NS,Industrial Manufacturing,Industrial Products,472.5,2985.9
INE0I0M01023,Prabha Energy,PRABHA,544379,PRABHA.NS,Oil,Oil Exploration & Production,217.66,2979.89
INE579B01039,Elpro Internatio,ELPROINTL,504000,ELPROINTL.NS,Realty,"Residential, Commercial Projects",175.47,2973.85
INE231F01020,Sasken Technol.,SASKEN,532663,SASKEN.NS,IT - Services,IT Enabled Services,1949,2960.82
INE060A01024,Navneet Educat.,NAVNETEDUL,508989,NAVNETEDUL.NS,Household Products,Stationary,133.62,2955.85
INE624Z01016,Solara Active,SOLARA,541540,SOLARA.NS,Pharmaceuticals & Biotechnology,Pharmaceuticals,616.9,2948.45
INE982B01027,ADF Foods,ADFFOODS,519183,ADFFOODS.NS,Food Products,Packaged Foods,267.6,2939.95
INE305C01029,Panama Petrochem,PANAMAPET,524820,PANAMAPET.NS,Petroleum Products,Lubricants,485.2,2935.15
INE0NLT01010,BLS E-Services,BLSE,544107,BLSE.NS,IT - Services,IT Enabled Services,320.9,2915.58
INE707A01012,Vindhya Telelink,VINDHYATEL,517015,VINDHYATEL.NS,Construction,Civil Construction,2453.9,2907.87
INE495C01010,Sangam India,SANGAMIND,514234,SANGAMIND.NS,Textiles & Apparels,Other Textile Products,577.65,2902.49
INE845D01014,Ganesha Ecosphe.,GANECOS,514167,GANECOS.NS,Textiles & Apparels,Other Textile Products,1082.1,2899.59
INE0HR601026,DDev Plastiks,DDEVPLSTIK,543547,DDEVPLSTIK.NS,Chemicals & Petrochemicals,Specialty Chemicals,277.85,2875.1
INE023A01030,Nalwa Sons Invst,NSIL,532256,NSIL.NS,Finance,Investment Company,5587,2871.72
INE915B01019,Ind-Swift Labs.,INDSWFTLAB,532305,INDSWFTLAB.NS,Pharmaceuticals & Biotechnology,Pharmaceuticals,329.59,2866.17
INE425Y01011,RPSG Ventures,RPSGVENT,542333,RPSGVENT.NS,Commercial Services & Supplies,Business Process Outsourcing (BPO)/ Knowledge Process Outsourcing (KPO),866.25,2866.11
INE615I01010,Globus Spirits,GLOBUSSPR,533104,GLOBUSSPR.NS,Beverages,Breweries & Distilleries,906.4,2851.65
INE683C01011,Maithan Alloys,MAITHANALL,590078,MAITHANALL.NS,Ferrous Metals,Ferro & Silica Manganese,977.1,2844.49
INE411H01032,R Systems Intl.,RSYSTEMS,532735,RSYSTEMS.NS,IT - Services,IT Enabled Services,239.25,2835.02
INE886D01026,EFC (I),EFCIL,512008,EFCIL.NS,Commercial Services & Supplies,Diversified Commercial Services,191.61,2834.8
INE883N01014,Parag Milk Foods,PARAGMILK,539889,PARAGMILK.NS,Food Products,Dairy Products,225.5,2832.5
INE0Q3R01026,Sundaram Clayton,SUNCLAY,544066,SUNCLAY.NS,Auto Components,Auto Components & Equipments,1284.1,2830.95
INE347A01017,Mangalam Cement,MANGLMCEM,502157,MANGLMCEM.NS,Cement & Cement Products,Cement & Cement Products,1027.95,2826.58
INE393P01035,Prataap Snacks,DIAMONDYD,540724,DIAMONDYD.NS,Food Products,Packaged Foods,1179.3,2822.06
INE00M901018,Interarch Build.,INTERARCH,544232,INTERARCH.NS,Construction,Civil Construction,1676.3,2819.04
INE045A01017,Ador Welding,ADOR,517041,ADOR.NS,Industrial Products,Other Industrial Products,1617.6,2815.08
INE579C01029,Vimta Labs,VIMTALABS,524394,VIMTALABS.NS,Healthcare Services,"Healthcare Research, Analytics & Technology",629.65,2813.71
INE818A01017,Antelopus Selan,ANTELOPUS,530075,ANTELOPUS.NS,Oil,Oil Exploration & Production,800.1,2813.34
INE488A01050,Chemplast Sanmar,CHEMPLASTS,543336,CHEMPLASTS.NS,Chemicals & Petrochemicals,Specialty Chemicals,176.89,2796.8
INE244B01030,Patel Engineerin,PATELENG,531120,PATELENG.NS,Construction,Civil Construction,28.17,2794.86
INE197D01010,Jindal Poly Film,JINDALPOLY,500227,JINDALPOLY.NS,Industrial Products,Packaging,637.6,2791.82
INE163A01018,NOCIL,NOCIL,500730,NOCIL.NS,Chemicals & Petrochemicals,Specialty Chemicals,167.02,2789.65
INE637C01025,Pokarna,POKARNA,532486,POKARNA.NS,Consumer Durables,Granites & Marbles,897.7,2783.23
INE02A801020,Rossari Biotech,ROSSARI,543213,ROSSARI.NS,Chemicals & Petrochemicals,Specialty Chemicals,501.75,2779.4
INE0JEI23010,Roadstar Infra,ROADSTAR,544374,ROADSTAR.NS,Transport Infrastructure,"Road AssetsToll, Annuity, Hybrid-Annuity",61.01,2778.87
INE725E01024,Orissa Minerals,ORISSAMINE,590086,ORISSAMINE.NS,Minerals & Mining,Industrial Minerals,4617.5,2770.5
INE172N01012,Imagica. Enter.,IMAGICAA,539056,IMAGICAA.NS,Leisure Services,Amusement Parks/ Other Recreation,48.87,2765.36
INE703H01016,Hubtown,HUBTOWN,532799,HUBTOWN.NS,Realty,"Residential, Commercial Projects",194.54,2764.43
INE08KJ01020,Mufin Green,MUFIN,542774,MUFIN.NS,Finance,Non Banking Financial Company (NBFC),139.49,2764.16
INE0Z8Z23013,Capital Infra,CAPINVIT,544338,CAPINVIT.NS,Construction,Civil Construction,76.98,2763.44
INE713R01022,GSP Crop Science,GSPCROP,544733,GSPCROP.NS,Fertilizers & Agrochemicals,Pesticides & Agrochemicals,594,2763.21
INE076B01028,Siyaram Silk,SIYSIL,503811,SIYSIL.NS,Textiles & Apparels,Other Textile Products,606.35,2751.02
INE385W01011,Dishman Carbogen,DCAL,540701,DCAL.NS,Pharmaceuticals & Biotechnology,Pharmaceuticals,173.54,2720.81
INE874I01013,Ramky Infra,RAMKY,533262,RAMKY.NS,Construction,Civil Construction,392.2,2713.94
INE885H01029,Sportking India,SPORTKING,539221,SPORTKING.NS,Textiles & Apparels,Other Textile Products,213.07,2707.52
INE876N01018,Orient Cement,ORIENTCEM,535754,ORIENTCEM.NS,Cement & Cement Products,Cement & Cement Products,131.52,2702.21
INE464A01036,Bharat Bijlee,BBL,503960,BBL.NS,Electrical Equipment,Heavy Electrical Equipment,2389.7,2701.11
INE456Z01021,Medi Assist Ser.,MEDIASSIST,544088,MEDIASSIST.NS,Insurance,Insurance Distributors,360.75,2694.87
INE07K301024,Zaggle Prepaid,ZAGGLE,543985,ZAGGLE.NS,IT - Services,IT Enabled Services,200.12,2690.78
INE198501012,Euro Pratik Sale,EUROPRATIK,544519,EUROPRATIK.NS,Consumer Durables,"Furniture, Home Furnishing",263.15,2689.39
INE445C01015,XPRO India,XPROINDIA,590013,XPROINDIA.NS,Industrial Products,Packaging,1142,2680.32
INE162A01010,Guj Inds. Power,GIPCL,517300,GIPCL.NS,Power,Power Generation,172.64,2679.65
INE079J01017,Gateway Distri,GATEWAY,543489,GATEWAY.NS,Transport Services,Logistics Solution Provider,53.6,2678.09
INE771F01041,Fischer Medical,FISCHER,524743,FISCHER.NS,Healthcare Equipment & Supplies,Medical Equipment & Supplies,38.14,2664.79
INE475B01022,Hikal,HIKAL,524735,HIKAL.NS,Pharmaceuticals & Biotechnology,Pharmaceuticals,215.61,2658.49
INE126J01016,Apollo Pipes,APOLLOPIPE,531761,APOLLOPIPE.NS,Industrial Products,Plastic Products - Industrial,601.55,2649.72
INE0RYC01010,Stallion India,STALLION,544342,STALLION.NS,Chemicals & Petrochemicals,Industrial Gases,228.25,2649.66
INE449A01011,Automotive Axles,AUTOAXLES,505010,AUTOAXLES.NS,Auto Components,Auto Components & Equipments,1744.8,2636.39
INE529A01010,Federal-Mogul Go,FMGOETZE,505744,FMGOETZE.NS,Auto Components,Auto Components & Equipments,472.1,2626.29
INE00Y201027,Flair Writing,FLAIR,544030,FLAIR.NS,Household Products,Stationary,248.8,2622.24
INE484C01030,Veedol Corporat,VEEDOL,590005,VEEDOL.NS,Petroleum Products,Lubricants,1502.5,2617.96
INE934C01018,Dr Agarwal's Eye,DRAGARWQ,526783,DRAGARWQ.NS,Healthcare Services,Hospital,5395,2607.31
INE488B01017,Tasty Bite Eat.,TASTYBITE,519091,TASTYBITE.NS,Food Products,Packaged Foods,10135.5,2600.77
INE0N2P01017,Rishabh Instrum.,RISHABH,543977,RISHABH.NS,Electrical Equipment,Other Electrical Equipment,669.3,2589.69
INE036A01016,Reliance Infra.,RELINFRA,500390,RELINFRA.NS,Power,Integrated Power Utilities,63.16,2580.91
INE920A01037,Dolphin Offshore,DOLPHIN,522261,DOLPHIN.NS,Oil,Offshore Support Solution Drilling,645.1,2580.7
INE351Y01019,Beta Drugs Ltd,BETA,,BETA.NS,Pharmaceuticals & Biotechnology,Pharmaceuticals,2327.7,2580.46
INE735W01017,Utkarsh Small F.,UTKARSHBNK,543942,UTKARSHBNK.NS,Banks,Other Bank,14.43,2567.85
INE00IN01015,Stove Kraft,STOVEKRAFT,543260,STOVEKRAFT.NS,Consumer Durables,Household Appliances,775.45,2567.31
INE792Z01011,Sirca Paints,SIRCA,543686,SIRCA.NS,Consumer Durables,Paints,451.2,2562.49
INE187D01029,Talbros Auto.,TALBROAUTO,505160,TALBROAUTO.NS,Auto Components,Auto Components & Equipments,413.4,2551.84
INE451D01029,Rajratan Global,RAJRATAN,517522,RAJRATAN.NS,Auto Components,Auto Components & Equipments,501.75,2547.43
INE0OAF01028,JNK,JNKINDIA,544167,JNKINDIA.NS,Industrial Manufacturing,Industrial Products,454.35,2542.27
INE128A01029,Eveready Inds.,EVEREADY,531508,EVEREADY.NS,Household Products,Household Products,348.95,2536.42
INE922B01023,Panacea Biotec,PANACEABIO,531349,PANACEABIO.NS,Pharmaceuticals & Biotechnology,Pharmaceuticals,411.1,2518.02
INE669R01026,Elitecon Inter.,ELITECON,539533,ELITECON.NS,Cigarettes & Tobacco Products,Cigarettes & Tobacco Products,15.7,2509.65
INE092B01025,India Nipp.Elec.,INDNIPPON,532240,INDNIPPON.NS,Auto Components,Auto Components & Equipments,1105.7,2501.25
INE1AG301022,GK Energy,GKENERGY,544525,GKENERGY.NS,Construction,Civil Construction,123.3,2500.74
INE0IQ001011,Veranda Learning,VERANDA,543514,VERANDA.NS,Other Consumer Services,E-Learning,259.25,2497.9
INE602G01020,Kitex Garments,KITEX,521248,KITEX.NS,Textiles & Apparels,Garments & Apparels,124.95,2492.75
INE17QZ01016,Knack Packaging,KNACK,544814,KNACK.NS,Industrial Products,Packaging,203.55,2490.74
INE07O001026,Easy Trip Plann.,EASEMYTRIP,543272,EASEMYTRIP.NS,Leisure Services,"Tour, Travel Related Services",6.25,2490.41
INE552D01024,Confidence Petro,CONFIPET,526829,CONFIPET.NS,Gas,LPG/CNG/PNG/LNG Supplier,74.8,2485.16
INE750A01020,Oriental Hotels,ORIENTHOT,500314,ORIENTHOT.NS,Leisure Services,Hotels & Resorts,138.67,2476.63
INE836B01017,Satin Creditcare,SATIN,539404,SATIN.NS,Finance,Microfinance Institutions,224.16,2476.32
INE988S01028,Apeejay Surrend.,PARKHOTELS,544111,PARKHOTELS.NS,Leisure Services,Hotels & Resorts,115.61,2466.82
INE751B01018,Pix Transmission,PIXTRANS,500333,PIXTRANS.NS,Industrial Products,Rubber,1809.1,2465.8
INE717W01049,Gandhar Oil Ref.,GANDHAR,544029,GANDHAR.NS,Petroleum Products,Lubricants,250.43,2451.2
INE209A01019,Sundrop Brands,SUNDROP,500215,SUNDROP.NS,Agricultural Food & other Products,Edible Oil,646.5,2437.1
INE0MB501011,J.G.Chemicals,JGCHEM,544138,JGCHEM.NS,Chemicals & Petrochemicals,Commodity Chemicals,621.85,2436.79
INE0QRL01017,Arkade,ARKADE,544261,ARKADE.NS,Realty,"Residential, Commercial Projects",130.98,2431.82
INE757A01017,Cosmo First,COSMOFIRST,508814,COSMOFIRST.NS,Industrial Products,Packaging,922.95,2422.72
INE0OUT01019,Oriana Power Ltd,ORIANA,,ORIANA.NS,Electrical Equipment,Other Electrical Equipment,1192.05,2422.14
INE899L01030,Ujaas Energy,UEL,533644,UEL.NS,Power,Power Generation,181.23,2417.57
INE934S01014,GNA Axles,GNA,540124,GNA.NS,Auto Components,Auto Components & Equipments,562.85,2416.36
INE0H9F01037,Sai Parenteral's,SAIPARENT,544742,SAIPARENT.NS,Pharmaceuticals & Biotechnology,Pharmaceuticals,540.85,2389.43
INE426A01027,Alembic,ALEMBICLTD,506235,ALEMBICLTD.NS,Realty,"Residential, Commercial Projects",92.73,2381.14
INE182D01020,Marathon Nextgen,MARATHON,503101,MARATHON.NS,Realty,"Residential, Commercial Projects",352.35,2376.41
INE194R01017,Fredun Pharma,FREDUN,539730,FREDUN.NS,Pharmaceuticals & Biotechnology,Pharmaceuticals,1434.6,2372.55
INE0MLS01022,EPack PrefabTech,EPACKPEB,544540,EPACKPEB.NS,Industrial Manufacturing,Industrial Products,234.35,2358.29
INE625X01026,Silver Touch,SILVERTUC,543525,SILVERTUC.NS,IT - Software,Computers - Software & Consulting,185.94,2357.91
INE893J01029,Mold-Tek Pack.,MOLDTKPAC,533080,MOLDTKPAC.NS,Industrial Products,Packaging,708.95,2355.76
INE498Q01014,Vintage Coffee,VINCOFE,538920,VINCOFE.NS,Agricultural Food & other Products,Tea & Coffee,161.55,2353.6
INE029L01018,Kalyani Invest.,KICL,533302,KICL.NS,Finance,Investment Company,5382.5,2352.15
INE00HZ01011,BN Agrochem,BNAGROCHEM,526125,BNAGROCHEM.NS,Commercial Services & Supplies,Trading & Distributors,239.95,2346.06
INE212I01016,S P Apparels,SPAL,540048,SPAL.NS,Textiles & Apparels,Garments & Apparels,930.45,2339.05
INE343B01030,Rajesh Exports,RAJESHEXPO,531500,RAJESHEXPO.NS,Consumer Durables,"Gems, Jewellery And Watches",79.18,2337.87
INE1JNC23012,TVS Infra. Trust,TVSINVIT,,TVSINVIT.NS,Commercial Services & Supplies,Diversified Commercial Services,118,2326.96
INE411B01019,Venus Remedies,VENUSREM,526953,VENUSREM.NS,Pharmaceuticals & Biotechnology,Pharmaceuticals,1738.1,2323.32
INE298G01035,Ajmera Realty,AJMERA,513349,AJMERA.NS,Realty,"Residential, Commercial Projects",117.96,2321.4
INE149O01018,NIBE,NIBE,535136,NIBE.NS,Aerospace & Defense,Aerospace & Defense,1490.8,2311
INE879K01018,KMC Speciality,KMCSHIL,524520,KMCSHIL.NS,Healthcare Services,Hospital,141.65,2310.31
INE384A01010,Rane Holdings,RANEHOLDIN,505800,RANEHOLDIN.NS,Finance,Holding Company,1615.6,2307.08
INE032A01023,Bombay Dyeing,BOMDYEING,500020,BOMDYEING.NS,Textiles & Apparels,Other Textile Products,111.65,2305.96
INE603A01013,Prakash Industri,PRAKASH,506022,PRAKASH.NS,Ferrous Metals,Iron & Steel,128.6,2302.99
INE1UA823019,Anantam Highways,ANANTAM,544579,ANANTAM.NS,Transport Infrastructure,"Road AssetsToll, Annuity, Hybrid-Annuity",105.51,2294.84
INE276G01015,Asian Energy,ASIANENE,530355,ASIANENE.NS,Oil,Oil Equipment & Services,470.3,2287.88
INE0ALI01010,Advait Energy,ADVAIT,543230,ADVAIT.NS,Electrical Equipment,Other Electrical Equipment,2086,2282.71
INE818W01011,ESAF Small Fin,ESAFSFB,544020,ESAFSFB.NS,Banks,Other Bank,43.94,2267.38
INE007B01023,Geojit Fin. Ser.,GEOJITFSL,532285,GEOJITFSL.NS,Capital Markets,Stockbroking & Allied,80.72,2253.07
INE612J01015,Repco Home Fin,REPCOHOME,535322,REPCOHOME.NS,Finance,Housing Finance Company,359.05,2246.27
INE03NU01014,Brigade Hotel,BRIGHOTEL,544457,BRIGHOTEL.NS,Leisure Services,Hotels & Resorts,59.13,2246.01
INE858F01012,Nitco,NITCO,532722,NITCO.NS,Consumer Durables,Ceramics,93.36,2245.93
INE004A01022,Protean eGov,PROTEAN,544021,PROTEAN.NS,IT - Services,IT Enabled Services,551.05,2238.43
INE121N01019,Thejo Engg.,THEJO,,THEJO.NS,Industrial Manufacturing,Industrial Products,2057.8,2232.19
INE338F01015,Kilburn Engg.,KLBRENG-B,522101,KLBRENG-B.NS,Industrial Manufacturing,Industrial Products,397.4,2225.45
INE777F01014,Exicom Tele-Sys.,EXICOM,544133,EXICOM.NS,Electrical Equipment,Heavy Electrical Equipment,159.87,2223.47
INE600Y01019,Dynamic Cables,DYCL,540795,DYCL.NS,Industrial Products,Cables - Electricals,458.8,2223.28
INE1B3L01017,Shringar House,SHRINGARMS,544512,SHRINGARMS.NS,Consumer Durables,"Gems, Jewellery And Watches",230.52,2222.95
INE0KQN01018,Bajel Projects,BAJEL,544042,BAJEL.NS,Electrical Equipment,Heavy Electrical Equipment,191.78,2218.84
INE461D01028,HLE Glascoat,HLEGLAS,522215,HLEGLAS.NS,Industrial Manufacturing,Industrial Products,319,2215.61
INE586B01026,TajGVK Hotels,TAJGVK,532390,TAJGVK.NS,Leisure Services,Hotels & Resorts,350.4,2197.06
INE0OV601013,EMS,EMSLIMITED,543983,EMSLIMITED.NS,Other Utilities,Waste Management,394.35,2189.86
INE927X01018,Elcid Investment,ELCIDIN,503681,ELCIDIN.NS,Finance,Investment Company,109005,2180.1
INE500L01026,S H Kelkar & Co.,SHK,539450,SHK.NS,Chemicals & Petrochemicals,Specialty Chemicals,157.47,2179.71
INE1DV401010,Monolithisch Ind,MONOLITH,,MONOLITH.NS,Industrial Products,Electrodes & Refractories,999.4,2172.3
INE667G01023,Saksoft,SAKSOFT,590051,SAKSOFT.NS,IT - Software,Computers - Software & Consulting,163.52,2167.48
INE262A01018,HMT,HMT,500191,HMT.NS,Industrial Manufacturing,Industrial Products,60.79,2161.7
INE0YHV01011,OBSC Perfection,OBSCP,,OBSCP.NS,Auto Components,Auto Components & Equipments,835.2,2158.62
INE838B01021,Bharat Rasayan,BHARATRAS,590021,BHARATRAS.NS,Fertilizers & Agrochemicals,Pesticides & Agrochemicals,1295,2152.43
INE932A01024,Pennar Industrie,PENIND,513228,PENIND.NS,Industrial Manufacturing,Industrial Products,158.8,2151.68
INE355A01028,Somany Ceramics,SOMANYCERA,531548,SOMANYCERA.NS,Consumer Durables,Ceramics,520.15,2133.28
INE229C01021,Sagar Cements,SAGCEM,502090,SAGCEM.NS,Cement & Cement Products,Cement & Cement Products,162.95,2129.88
INE438E01032,Sika Interplant,SIKA,523606,SIKA.NS,Aerospace & Defense,Aerospace & Defense,1002.7,2125.81
INE398A01010,Venky's (India),VENKEYS,523261,VENKEYS.NS,Food Products,Meat Products including Poultry,1507.4,2123.53
INE586V01016,TCI Express,TCIEXP,540212,TCIEXP.NS,Transport Services,Logistics Solution Provider,550.95,2118.08
INE08NE01025,Sanstar,SANSTAR,544217,SANSTAR.NS,Agricultural Food & other Products,Other Agricultural Products,105.75,2117.84
INE805C01028,K C P,KCP,590066,KCP.NS,Cement & Cement Products,Cement & Cement Products,163.83,2112.12
INE052I01032,Camlin Fine,CAMLINFINE,532834,CAMLINFINE.NS,Chemicals & Petrochemicals,Specialty Chemicals,109.45,2102.5
INE634A01018,Honda India,HONDAPOWER,522064,HONDAPOWER.NS,Industrial Manufacturing,Industrial Products,2068.3,2097.26
INE559R01029,Landmark Cars,LANDMARK,543714,LANDMARK.NS,Automobiles,Auto Dealer,504.95,2093.77
INE1EEM01017,Behari Lal Engg.,BLEL,544870,BLEL.NS,Industrial Products,Iron & Steel Products,494.95,2093.76
INE873D01024,Indoco Remedies,INDOCO,532612,INDOCO.NS,Pharmaceuticals & Biotechnology,Pharmaceuticals,226.29,2088.74
INE0R4701017,Alpex Solar,ALPEXSOLAR,,ALPEXSOLAR.NS,Electrical Equipment,Other Electrical Equipment,815.8,2083.8
INE045B01015,NELCO,NELCO,504112,NELCO.NS,IT - Hardware,Computers Hardware & Equipments,906.7,2069.09
INE06ZD01017,Shanti Gold,SHANTIGOLD,544459,SHANTIGOLD.NS,Consumer Durables,"Gems, Jewellery And Watches",269.58,2068.74
INE275B01026,Huhtamaki India,HUHTAMAKI,509820,HUHTAMAKI.NS,Industrial Products,Packaging,273.85,2068.17
INE323C01030,Indian Hume Pipe,INDIANHUME,504741,INDIANHUME.NS,Construction,Civil Construction,392.55,2068.02
INE109C01017,Arman Financial,ARMANFIN,531179,ARMANFIN.NS,Finance,Non Banking Financial Company (NBFC),1966.7,2067.94
INE0LGX01024,Insolation Ener,INA,543620,INA.NS,Power,Power Generation,93.79,2067.62
INE345A01011,Hind.Oil Explor.,HINDOILEXP,500186,HINDOILEXP.NS,Oil,Oil Exploration & Production,156.2,2065.64
INE415B01044,Marsons,MARSONS,517467,MARSONS.NS,Electrical Equipment,Heavy Electrical Equipment,119.56,2057.63
INE0Q7P01013,Kody Technolab,KODYTECH,,KODYTECH.NS,IT - Software,Computers - Software & Consulting,1435,2051.11
INE373T01047,Blue Cloud Soft.,BLUECLOUDS,539607,BLUECLOUDS.NS,IT - Software,Software Products,22.22,2051.09
INE0H5O01029,Windlas Biotech,WINDLAS,543329,WINDLAS.NS,Pharmaceuticals & Biotechnology,Pharmaceuticals,993.6,2050.42
INE068L01024,Cantabil Retail,CANTABIL,533267,CANTABIL.NS,Textiles & Apparels,Garments & Apparels,244.81,2047.54
INE074B01023,Paramount Comm.,PARACABLES,530555,PARACABLES.NS,Industrial Products,Cables - Electricals,62.5,2045.25
INE246B01019,Ramco Systems,RAMCOSYS,532370,RAMCOSYS.NS,IT - Software,Software Products,543.65,2043.94
INE495S01016,HPL Electric,HPL,540136,HPL.NS,Industrial Manufacturing,Industrial Products,317.45,2041.22
INE175A01038,Jain Irrigation,JISLJALEQS,500219,JISLJALEQS.NS,Industrial Products,Plastic Products - Industrial,27.86,2031.69
INE732S01012,Sakar Healthcare,SAKAR,,SAKAR.NS,Pharmaceuticals & Biotechnology,Pharmaceuticals,912.6,2030.53
INE0OLS01010,Vinyas Innovativ,VINYAS,,VINYAS.NS,Industrial Manufacturing,Industrial Products,1611.8,2028.41
INE075D01018,G M Breweries,GMBREW,507488,GMBREW.NS,Beverages,Breweries & Distilleries,887.25,2027.09
INE059B01024,Simplex Infra,SIMPLEXINF,523838,SIMPLEXINF.NS,Construction,Civil Construction,255.71,2022.55
INE903A01025,Jaykay Enter.,JAYKAY,500306,JAYKAY.NS,Aerospace & Defense,Aerospace & Defense,154.96,2018.93
INE782E01017,Hester Bios,HESTERBIO,524669,HESTERBIO.NS,Pharmaceuticals & Biotechnology,Pharmaceuticals,2367.8,2014.26
INE806C01018,TIL,TIL,505196,TIL.NS,"Agricultural, Commercial & Construction Vehicles",Construction Vehicles,243.15,1999.83
INE077F01035,GOCL Corpn.,GOCLCORP,506480,GOCLCORP.NS,Chemicals & Petrochemicals,Explosives,400.6,1985.87
INE304A01026,Mukand,MUKANDLTD,500460,MUKANDLTD.NS,Industrial Products,Iron & Steel Products,137.21,1982.62
INE900B01029,Kabra Extrusion,KABRAEXTRU,524109,KABRAEXTRU.NS,Industrial Manufacturing,Industrial Products,566.2,1980.16
INE08ZM01014,Greenpanel Inds.,GREENPANEL,542857,GREENPANEL.NS,Consumer Durables,Plywood Boards/ Laminates,160.97,1973.93
INE243D01012,BF Utilities,BFUTILITIE,532430,BFUTILITIE.NS,Transport Infrastructure,"Road AssetsToll, Annuity, Hybrid-Annuity",523.85,1972.82
INE926B01016,Grand Oak Canyon,GRANDOAK,523862,GRANDOAK.NS,Finance,Non Banking Financial Company (NBFC),37.97,1970.2
INE0KL801015,DCX Systems,DCXINDIA,543650,DCXINDIA.NS,Aerospace & Defense,Aerospace & Defense,175.49,1954.72
INE0G5901015,Epack Durable,EPACK,544095,EPACK.NS,Consumer Durables,Household Appliances,202.8,1951.51
INE096B01018,Nucleus Soft.,NUCLEUS,531209,NUCLEUS.NS,IT - Software,Software Products,740.4,1949.13
INE752G01015,MSP Steel & Pow.,MSPL,532650,MSPL.NS,Industrial Products,Iron & Steel Products,34.3,1944.11
INE551C01044,Shukra Pharma.,SHUKRAPHAR,524632,SHUKRAPHAR.NS,Pharmaceuticals & Biotechnology,Pharmaceuticals,44.06,1936.94
INE0FRK01020,Motisons Jewel,MOTISONS,544053,MOTISONS.NS,Consumer Durables,"Gems, Jewellery And Watches",17,1933.76
INE0KKN01029,Rhetan TMT Ltd,RHETAN,543590,RHETAN.NS,Industrial Products,Iron & Steel Products,24.22,1930.03
INE0U4101014,Bluspring Enter.,BLUSPRING,544414,BLUSPRING.NS,Commercial Services & Supplies,Diversified Commercial Services,128.98,1928.28
INE059D01020,La Opala RG,LAOPALA,526947,LAOPALA.NS,Consumer Durables,Glass - Consumer,173.12,1921.63
INE108V01019,AWFIS Space,AWFIS,544181,AWFIS.NS,Commercial Services & Supplies,Diversified Commercial Services,268.2,1919.32
INE04AK01028,SBC Exports,SBC,542725,SBC.NS,Textiles & Apparels,Garments & Apparels,40.1,1909.52
INE0VTV01012,Anondita Medi.,ANONDITA,,ANONDITA.NS,Personal Products,Personal Care,1054.6,1907.41
INE05CZ01011,Ratnaveer Precis,RATNAVEER,543978,RATNAVEER.NS,Industrial Products,Iron & Steel Products,267.04,1907.38
INE985S01024,Team Lease Serv.,TEAMLEASE,539658,TEAMLEASE.NS,Commercial Services & Supplies,Diversified Commercial Services,1245.2,1902.84
INE0XNF01022,Ardee Industries,ARDEE,544860,ARDEE.NS,Diversified Metals,Diversified Metals,60.2,1897.51
INE451L01014,Mahamaya Steel,MAHASTEEL,513554,MAHASTEEL.NS,Industrial Products,Iron & Steel Products,1154.3,1897.02
INE02WG01024,Wonder Electric.,WEL,543449,WEL.NS,Consumer Durables,Household Appliances,141.27,1893.13
INE982F01036,Hathway Cable,HATHWAY,533162,HATHWAY.NS,Entertainment,TV Broadcasting & Software Production,10.68,1890.47
INE111F01024,Paushak,PAUSHAKLTD,532742,PAUSHAKLTD.NS,Chemicals & Petrochemicals,Specialty Chemicals,763.35,1882.19
INE800H01010,Omaxe,OMAXE,532880,OMAXE.NS,Realty,"Residential, Commercial Projects",102.55,1875.65
INE155Z01011,Macpower CNC,MACPOWER,,MACPOWER.NS,Industrial Manufacturing,Industrial Products,1874.8,1875.58
INE985W01018,Creative Newtech,CNL,544631,CNL.NS,Commercial Services & Supplies,Trading & Distributors,1247.7,1873.63
INE170I01016,Hinduja Global,HGS,532859,HGS.NS,Commercial Services & Supplies,Business Process Outsourcing (BPO)/ Knowledge Process Outsourcing (KPO),402.25,1871.28
INE760L01018,T B Z,TBZ,534369,TBZ.NS,Consumer Durables,"Gems, Jewellery And Watches",279.5,1865.12
INE015C01016,Tinna Rubber,TINNARUBR,530475,TINNARUBR.NS,Industrial Products,Rubber,1034.9,1864.45
INE742C01031,Jindal Drilling,JINDRILL,511034,JINDRILL.NS,Oil,Offshore Support Solution Drilling,642.75,1862.69
INE782X01033,Servotech Renew,SERVOTECH,,SERVOTECH.NS,Electrical Equipment,Other Electrical Equipment,82.45,1862.09
INE338A01024,Thirumalai Chem.,TIRUMALCHM,500412,TIRUMALCHM.NS,Chemicals & Petrochemicals,Commodity Chemicals,154.09,1857.6
INE0PB301013,Shipping Land,SCILAL,544142,SCILAL.NS,Finance,Investment Company,39.81,1854.35
INE425B01027,Brightcom Group,BCG,532368,BCG.NS,IT - Services,IT Enabled Services,9.15,1846.4
INE144Z01023,Tarsons Products,TARSONS,543399,TARSONS.NS,Healthcare Equipment & Supplies,Medical Equipment & Supplies,344.95,1835.35
INE14UN01029,Vidya Wires,VIDYAWIRES,544633,VIDYAWIRES.NS,Industrial Products,"Aluminium, Copper & Zinc Products",86.27,1834.9
INE0JR601024,Yatra Online,YATRA,543992,YATRA.NS,Leisure Services,"Tour, Travel Related Services",116.93,1834.82
INE598D01035,Algoquant Fin,ALGOQUANT,505725,ALGOQUANT.NS,Finance,Other Financial Services,65,1827.12
INE418H01029,Allcargo Logist.,ALLCARGO,532749,ALLCARGO.NS,Transport Services,Logistics Solution Provider,12.17,1822.8
INE08LI01020,Krsnaa Diagnost.,KRSNAA,543328,KRSNAA.NS,Healthcare Services,Healthcare Service Provider,561.65,1821.92
INE887E01022,NGL Fine Chem,NGLFINE,524774,NGLFINE.NS,Pharmaceuticals & Biotechnology,Pharmaceuticals,2947.7,1821.68
INE05TO01019,A C J K Exports,AEROPLANE,544743,AEROPLANE.NS,Agricultural Food & other Products,Other Agricultural Products,175.82,1820.64
INE264T01014,Capacit'e Infra.,CAPACITE,540710,CAPACITE.NS,Construction,Civil Construction,214.54,1815.1
INE0BJS01011,Go Fashion (I),GOCOLORS,543401,GOCOLORS.NS,Retailing,Speciality Retail,344.8,1813.51
INE618L01018,5paisa Capital,5PAISA,540776,5PAISA.NS,Capital Markets,Stockbroking & Allied,384.25,1801.45
INE07OG01012,NDR Auto Compon.,NDRAUTO,543214,NDRAUTO.NS,Auto Components,Auto Components & Equipments,756.1,1798.41
INE192H01020,GRM Overseas,GRMOVER,531449,GRMOVER.NS,Agricultural Food & other Products,Other Agricultural Products,86.71,1796.72
INE276C01014,EIH Assoc.Hotels,EIHAHOTELS,523127,EIHAHOTELS.NS,Leisure Services,Hotels & Resorts,294.7,1795.79
INE070D01027,Jai Corp,JAICORPLTD,512237,JAICORPLTD.NS,Industrial Products,Plastic Products - Industrial,102.22,1794.01
INE613C01026,Magellanic Cloud,MCLOUD,538891,MCLOUD.NS,IT - Software,Computers - Software & Consulting,30.27,1783.11
INE560K01014,PTC India Fin,PFS,533344,PFS.NS,Finance,Non Banking Financial Company (NBFC),27.76,1782.98
INE704B01017,RACL Geartech,RACLGEAR,520073,RACLGEAR.NS,Auto Components,Auto Components & Equipments,1512,1782.36
INE070I01018,Insecticid.India,INSECTICID,532851,INSECTICID.NS,Fertilizers & Agrochemicals,Pesticides & Agrochemicals,609.75,1774.24
INE00Q601028,Studds Accessor.,STUDDS,544599,STUDDS.NS,Auto Components,Auto Components & Equipments,450.15,1771.49
INE1RDG01013,PNGS Reva Diamo.,PNGSREVA,544718,PNGSREVA.NS,Consumer Durables,"Gems, Jewellery And Watches",555.8,1761.8
INE209B01025,Rico Auto Inds,RICOAUTO,520008,RICOAUTO.NS,Auto Components,Auto Components & Equipments,129.95,1758.22
INE127T01021,K.P. Energy,KPEL,539686,KPEL.NS,Power,Power Generation,259.3,1758
INE533A01012,Goodyear India,GOODYEAR,500168,GOODYEAR.NS,Auto Components,Tyres & Rubber Products,760.05,1753.44
INE661I01014,BGR Energy Sys.,BGRENERGY,532930,BGRENERGY.NS,Construction,Civil Construction,239,1724.66
INE131C01011,Disa India,DISAQ,500068,DISAQ.NS,Industrial Manufacturing,Industrial Products,11836,1721.2
INE572J01011,Spandana Sphoort,SPANDANA,542759,SPANDANA.NS,Finance,Microfinance Institutions,241.3,1720.59
INE0JVO01026,Garuda Cons,GARUDA,544271,GARUDA.NS,Construction,Civil Construction,183.95,1711.5
INE878K01010,BF Investment,BFINVEST,533303,BFINVEST.NS,Finance,Holding Company,451.55,1700.54
INE793A01012,Accelya Solution,ACCELYA,532268,ACCELYA.NS,IT - Software,Computers - Software & Consulting,1138.6,1699.5
INE103C01036,SMC Global Sec.,SMCGLOBAL,543263,SMCGLOBAL.NS,Capital Markets,Stockbroking & Allied,81.13,1698.86
INE877V01027,Suraksha Diagno.,SURAKSHA,544293,SURAKSHA.NS,Healthcare Services,Healthcare Service Provider,325.8,1696.79
INE153A01019,M T N L,MTNL,500108,MTNL.NS,Telecom - Services,Telecom - Cellular & Fixed line services,26.82,1689.66
INE428Q01011,Suryoday Small,SURYODAY,543279,SURYODAY.NS,Banks,Other Bank,158.84,1688.42
INE716F01012,Indokem,INDOKEM,504092,INDOKEM.NS,Chemicals & Petrochemicals,Specialty Chemicals,600.85,1675.67
INE285B01017,SpiceJet,SPICEJET,500285,SPICEJET.NS,Transport Services,Airline,10.96,1672.61
INE0I0T01010,Virtuoso Optoel.,VOEPL,543597,VOEPL.NS,Consumer Durables,Diversified consumer products,488.05,1671.62
INE349W01017,Avadh Sugar,AVADHSUGAR,540649,AVADHSUGAR.NS,Agricultural Food & other Products,Sugar,834.8,1671.14
INE200D01020,Media Matrix,MMWL,512267,MMWL.NS,Entertainment,"Film Production, Distribution & Exhibition",14.75,1670.79
INE05AN01011,Hindware Home In,HINDWAREAP,542905,HINDWAREAP.NS,Consumer Durables,Sanitary Ware,198.63,1661.47
INE106T01025,Hi-Tech Pipes,HITECH,543411,HITECH.NS,Industrial Products,Iron & Steel Products,81.37,1652.69
INE597J01018,Shalby,SHALBY,540797,SHALBY.NS,Healthcare Services,Hospital,152.96,1652.12
INE898S01029,Aurum Proptech,AURUM,539289,AURUM.NS,IT - Services,IT Enabled Services,227.82,1642.9
INE803D01021,Indo Borax & Ch.,INDOBORAX,524342,INDOBORAX.NS,Chemicals & Petrochemicals,Commodity Chemicals,511.85,1642.53
INE632C01026,Vidhi Specialty,VIDHIING,531717,VIDHIING.NS,Chemicals & Petrochemicals,Specialty Chemicals,328.55,1640.94
INE937A01023,SPML Infra,SPMLINFRA,500402,SPMLINFRA.NS,Construction,Civil Construction,192.94,1636.98
INE156A01020,Indo Rama Synth.,INDORAMA,500207,INDORAMA.NS,Textiles & Apparels,Other Textile Products,62.69,1636.92
INE274C01019,Wendt India,WENDT,505412,WENDT.NS,Industrial Products,Abrasives & Bearings,8182.5,1636.5
INE01R501028,Vikran Engg.,VIKRAN,544496,VIKRAN.NS,Construction,Civil Construction,63.04,1625.87
INE0LRY01011,Quadrant Future,QUADFUTURE,544336,QUADFUTURE.NS,Industrial Products,Cables - Electricals,405.35,1621.4
INE0D6701023,India Pesticides,IPL,543311,IPL.NS,Fertilizers & Agrochemicals,Pesticides & Agrochemicals,140.27,1615.4
INE0OWZ01020,MV Electrosystems,MVELECTRO,544851,MVELECTRO.NS,Industrial Manufacturing,Industrial Products,591.15,1612.82
INE542Z01028,Kapston Services,KAPSTON,,KAPSTON.NS,Commercial Services & Supplies,Diversified Commercial Services,528.2,1607.43
INE525F01025,Balmer Law. Inv.,BLIL,532485,BLIL.NS,Finance,Holding Company,71.89,1595.76
INE016Q01014,Ceinsys Tech,CEINSYS,538734,CEINSYS.NS,IT - Software,Computers - Software & Consulting,758.65,1588.44
INE065D01027,Aeroflex Enter.,AEROENTER,511076,AEROENTER.NS,Industrial Products,Iron & Steel Products,140.07,1585.09
INE221H01019,GTL Infra.,GTLINFRA,532775,GTLINFRA.NS,Telecom - Services,Telecom - Infrastructure,1.23,1575.56
INE056801025,Ivalue Infosolut,IVALUE,544523,IVALUE.NS,IT - Services,IT Enabled Services,286.8,1570.33
INE124G01033,Delta Corp,DELTACORP,532848,DELTACORP.NS,Leisure Services,Amusement Parks/ Other Recreation,58.62,1569.67
INE08N601015,M & B Engineer.,MBEL,544470,MBEL.NS,Construction,Civil Construction,273.75,1564.77
INE207H01018,Guj.Nat.Resour.,GNRL,513536,GNRL.NS,Oil,Oil Exploration & Production,101.9,1563.17
INE048B01035,Jagsonpal Pharma,JAGSNPHARM,507789,JAGSNPHARM.NS,Pharmaceuticals & Biotechnology,Pharmaceuticals,236.54,1559.5
INE910C01018,TTK Healthcare,TTKHLTCARE,507747,TTKHLTCARE.NS,Diversified,Diversified,1102.5,1557.87
INE098F01031,Amrutanjan Healt,AMRUTANJAN,590006,AMRUTANJAN.NS,Pharmaceuticals & Biotechnology,Pharmaceuticals,536.35,1550.62
INE0HLU01028,One Mobikwik,MOBIKWIK,544305,MOBIKWIK.NS,Financial Technology (Fintech),Financial Technology (Fintech),196.81,1549.82
INE325C01035,Dollar Industrie,DOLLAR,541403,DOLLAR.NS,Textiles & Apparels,Garments & Apparels,273.2,1549.48
INE519C01017,Summit Securitie,SUMMITSEC,533306,SUMMITSEC.NS,Finance,Investment Company,1420.2,1548.27
INE250K01012,D-Link India,DLINKINDIA,533146,DLINKINDIA.NS,IT - Hardware,Computers Hardware & Equipments,435.75,1547.12
INE0YU901016,Danish Power,DANISH,,DANISH.NS,Electrical Equipment,Heavy Electrical Equipment,783.65,1543.13
INE972A01020,Kothari Indl,KOTIC,509732,KOTIC.NS,Consumer Durables,Leather And Leather Products,142.77,1542.23
INE711A01022,Walchan. Inds.,WALCHANNAG,507410,WALCHANNAG.NS,Industrial Manufacturing,Industrial Products,227.09,1542.04
INE071D01033,Menon Bearings,MENONBE,523828,MENONBE.NS,Auto Components,Auto Components & Equipments,274.64,1539.08
INE0J5601015,Krishna Defence,KRISHNADEF,,KRISHNADEF.NS,Aerospace & Defense,Aerospace & Defense,1026.8,1534.83
INE480C01038,Som Distilleries,SDBL,507514,SDBL.NS,Beverages,Breweries & Distilleries,73.74,1533.06
INE0CT101020,Meghmani Organi.,MOL,543331,MOL.NS,Fertilizers & Agrochemicals,Pesticides & Agrochemicals,60.26,1532.5
INE898Q01015,Meghna Infracon,MIIL,538668,MIIL.NS,Realty,"Residential, Commercial Projects",704.6,1530.66
INE344S01016,InfoBeans Tech.,INFOBEAN,543644,INFOBEAN.NS,IT - Software,Computers - Software & Consulting,157.5,1527.35
INE133Y01011,IFGL Refractori.,IFGLEXPOR,540774,IFGLEXPOR.NS,Industrial Products,Electrodes & Refractories,211.77,1526.41
INE193B01039,AYM Syntex,AYMSYNTEX,508933,AYMSYNTEX.NS,Textiles & Apparels,Other Textile Products,258.2,1517.9
INE312C01025,Syncom Formul.,SYNCOMF,524470,SYNCOMF.NS,Pharmaceuticals & Biotechnology,Pharmaceuticals,16.14,1517.16
INE572D01014,Frontier Springs,FRONTSP,522195,FRONTSP.NS,Auto Components,Auto Components & Equipments,1278.4,1510.5
INE184O01015,Diffusion Eng,DIFFNKG,544264,DIFFNKG.NS,Industrial Products,Other Industrial Products,401.45,1502.48
INE0LOJ01019,IKIO Tech,IKIO,543923,IKIO.NS,Consumer Durables,Consumer Electronics,191.66,1481.16
INE840Y01029,One Point One,ONEPOINT,544748,ONEPOINT.NS,Commercial Services & Supplies,Business Process Outsourcing (BPO)/ Knowledge Process Outsourcing (KPO),56.17,1476.92
INE204A01010,I G Petrochems,IGPL,500199,IGPL.NS,Chemicals & Petrochemicals,Commodity Chemicals,475.2,1463.37
INE278M01019,Navkar Corporat.,NAVKARCORP,539332,NAVKARCORP.NS,Transport Services,Logistics Solution Provider,97.04,1460.64
INE073G01016,Assoc.Alcohols,ASALCBR,507526,ASALCBR.NS,Beverages,Breweries & Distilleries,726.45,1458.65
INE0Q5D01013,Accent Microcell,ACCENTMIC,,ACCENTMIC.NS,Pharmaceuticals & Biotechnology,Pharmaceuticals,605.05,1451.46
INE0U4701011,Digitide Solutio,DIGITIDE,544413,DIGITIDE.NS,IT - Services,IT Enabled Services,97.01,1446.52
INE784R01023,Arfin India,ARFIN,539151,ARFIN.NS,Non - Ferrous Metals,Aluminium,85.62,1444.6
INE851I01011,Updater Services,UDS,543996,UDS.NS,Commercial Services & Supplies,Diversified Commercial Services,215.67,1443.98
INE630A01024,Seshasayee Paper,SESHAPAPER,502450,SESHAPAPER.NS,"Paper, Forest & Jute Products",Paper & Paper Products,228.84,1443.25
INE265B01019,Nitta Gelatin,NITTAGELA,506532,NITTAGELA.NS,Chemicals & Petrochemicals,Specialty Chemicals,1584.6,1438.82
INE419D01026,Chamanlal Setia,CLSEL,530307,CLSEL.NS,Agricultural Food & other Products,Other Agricultural Products,288.35,1433.84
INE859A01011,PNB Gilts,PNBGILTS,532366,PNBGILTS.NS,Finance,Investment Company,79.65,1433.78
INE415D01024,Bharat Seats,BHARATSE,523229,BHARATSE.NS,Auto Components,Auto Components & Equipments,228.19,1433.03
INE0SCO01019,Divine Power,DPEL,,DPEL.NS,Industrial Products,Cables - Electricals,570.4,1424.01
INE390G01014,GPT Infraproject,GPTINFRA,533761,GPTINFRA.NS,Construction,Civil Construction,112.41,1420.46
INE0KGZ01021,Signpost India,SIGNPOST,544117,SIGNPOST.NS,Media,Advertising & Media Agencies,264.65,1414.55
INE722H01024,Renaiss. Global,RGL,532923,RGL.NS,Consumer Durables,"Gems, Jewellery And Watches",131.26,1409.32
INE225B01021,Fermenta Biotec.,FERMENTA,506414,FERMENTA.NS,Pharmaceuticals & Biotechnology,Pharmaceuticals,478.35,1407.83
INE277B01014,Punjab Chemicals,PUNJABCHEM,506618,PUNJABCHEM.NS,Fertilizers & Agrochemicals,Pesticides & Agrochemicals,1148,1407.45
INE022I01019,Asian Granito,ASIANTILES,532888,ASIANTILES.NS,Consumer Durables,Ceramics,47.41,1405.59
INE188B01013,Igarashi Motors,IGARASHI,517380,IGARASHI.NS,Auto Components,Auto Components & Equipments,444.1,1397.81
INE417B01040,Dynacons Sys.,DSSL,532365,DSSL.NS,IT - Services,IT Enabled Services,1097.1,1397.39
INE0RE001014,Gala Precis. Eng,GALAPREC,544244,GALAPREC.NS,Industrial Manufacturing,Industrial Products,1089.3,1396.07
INE201K01015,Expleo Solutions,EXPLEOSOL,533121,EXPLEOSOL.NS,IT - Services,IT Enabled Services,898.75,1394.84
INE147A01011,S P I C,SPIC,590030,SPIC.NS,Fertilizers & Agrochemicals,Fertilizers,68.16,1388.01
INE24H301028,Vivid Electromech,VIVIDEL,,VIVIDEL.NS,Electrical Equipment,Other Electrical Equipment,1559.6,1386.14
INE583D01011,Ugro Capital,UGROCAP,511742,UGROCAP.NS,Finance,Non Banking Financial Company (NBFC),88.74,1378.03
INE313L01016,Rajputana Stain.,RSL,544731,RSL.NS,Industrial Products,Iron & Steel Products,164.85,1377.61
INE124Y01028,Pashupati Cotsp.,PASHUPATI,544448,PASHUPATI.NS,Textiles & Apparels,Other Textile Products,87.26,1377.31
INE435C01024,Texmaco Infrast.,TEXINFRA,505400,TEXINFRA.NS,Commercial Services & Supplies,Diversified Commercial Services,108.03,1376.59
INE369A01029,Excel Industries,EXCELINDUS,500650,EXCELINDUS.NS,Chemicals & Petrochemicals,Specialty Chemicals,1089,1368.95
INE411D01023,SKM Egg Prod.,SKMEGGPROD,532143,SKMEGGPROD.NS,Food Products,Meat Products including Poultry,259.05,1364.16
INE547E01014,India Motor Part,IMPAL,590065,IMPAL.NS,Auto Components,Trading - Auto components,1092.4,1363.32
INE967G01019,Saraswati Commer,ZSARACOM,512020,ZSARACOM.NS,Finance,Non Banking Financial Company (NBFC),12433,1362.57
INE571B01036,Jay Bharat Maru.,JAYBARMARU,520066,JAYBARMARU.NS,Auto Components,Auto Components & Equipments,125.54,1358.97
INE503B01021,Steel Exchange,STEELXIND,534748,STEELXIND.NS,Industrial Products,Iron & Steel Products,10.6,1352.05
INE199G01027,Jagran Prakashan,JAGRAN,532705,JAGRAN.NS,Media,Print Media,61.96,1348.59
INE966A01022,Dolat Algotech,DOLATALGO,505526,DOLATALGO.NS,Capital Markets,Stockbroking & Allied,76.51,1346.58
INE301D01026,Ruby Mills,RUBYMILLS,503169,RUBYMILLS.NS,Textiles & Apparels,Other Textile Products,402.1,1344.62
INE947J01015,Den Networks,DEN,533137,DEN.NS,Entertainment,TV Broadcasting & Software Production,28.17,1344.34
INE563J01010,Astec Lifescienc,ASTEC,533138,ASTEC.NS,Fertilizers & Agrochemicals,Pesticides & Agrochemicals,601.85,1341.09
INE822G01016,Electrotherm(I),ELECTHERM,526608,ELECTHERM.NS,Industrial Products,Iron & Steel Products,1052.2,1340.8
INE951D01028,Atul Auto,ATULAUTO,531795,ATULAUTO.NS,"Agricultural, Commercial & Construction Vehicles",Commercial Vehicles,483.05,1340.53
INE715B01021,Andhra Sugars,ANDHRSUGAR,590062,ANDHRSUGAR.NS,Chemicals & Petrochemicals,Commodity Chemicals,98.84,1339.63
INE830Q01018,Manaksia Coated,MANAKCOAT,539046,MANAKCOAT.NS,Industrial Products,Iron & Steel Products,125.37,1336.87
INE0O6601022,Kross Ltd,KROSS,544253,KROSS.NS,Auto Components,Auto Components & Equipments,206.84,1334.31
INE488D01021,AVT Natural Prod,AVTNPL,519105,AVTNPL.NS,Agricultural Food & other Products,Other Agricultural Products,87.53,1333.08
INE680A01011,Dhanlaxmi Bank,DHANBANK,532180,DHANBANK.NS,Banks,Private Sector Bank,33.73,1331.32
INE0GV601021,All Time Plastic,ALLTIME,544479,ALLTIME.NS,Consumer Durables,Houseware,203.02,1329.94
INE217L01019,Shriram Properti,SHRIRAMPPS,543419,SHRIRAMPPS.NS,Realty,"Residential, Commercial Projects",77.91,1329.57
INE395U01014,NINtec Systems,NINSYS,539843,NINSYS.NS,IT - Software,Computers - Software & Consulting,715.2,1328.56
INE664D01019,Benares Hotels,BENARAS,509438,BENARAS.NS,Leisure Services,Hotels & Resorts,10200,1326
INE438K01021,Sai Silks,KALAMANDIR,543989,KALAMANDIR.NS,Retailing,Speciality Retail,86.29,1323.4
INE458B01036,Bhagyanagar Ind,BHAGYANGR,512296,BHAGYANGR.NS,Non - Ferrous Metals,Copper,394.5,1321.43
INE500A01029,DCW,DCW,500117,DCW.NS,Chemicals & Petrochemicals,Petrochemicals,44.73,1320.23
INE831A01028,Onida Electronics,ONIDA,500279,ONIDA.NS,Consumer Durables,Consumer Electronics,35.66,1317.74
INE1D0W01018,Technocraft Ven.,TECHNOCRAF,544864,TECHNOCRAF.NS,Other Utilities,Water Supply & Management,332.61,1317.34
INE155E01016,Inv.& Prec.Cast.,INVPRECQ,504786,INVPRECQ.NS,Industrial Products,Castings & Forgings,1314.7,1314.7
INE524T01011,TAAL Tech,TAALTECH,539956,TAALTECH.NS,Transport Services,Airline,4216.2,1313.91
INE302D01024,RIR Power Electr,RIR,517035,RIR.NS,Electrical Equipment,Other Electrical Equipment,164.93,1312.39
INE384C01016,Yuken India,YUKEN,522108,YUKEN.NS,Industrial Products,"Compressors, Pumps & Diesel Engines",964.6,1310.31
INE0TY101024,Solarworld Ene.,SOLARWORLD,544532,SOLARWORLD.NS,Construction,Civil Construction,149.96,1299.74
INE316L01019,Bharat Wire,BHARATWIRE,539799,BHARATWIRE.NS,Industrial Products,Iron & Steel Products,188.79,1298.55
INE712K01011,Sh.Pushkar Chem.,SHREEPUSHK,539334,SHREEPUSHK.NS,Chemicals & Petrochemicals,Dyes And Pigments,401.15,1297.23
INE646H01017,Capital Small,CAPITALSFB,544120,CAPITALSFB.NS,Banks,Other Bank,284.7,1294.39
INE1YPB01014,Allcargo Global,AGL,544602,AGL.NS,Transport Services,Logistics Solution Provider,13.12,1289.41
INE161A01038,NIIT,NIITLTD,500304,NIITLTD.NS,Other Consumer Services,Education,93.62,1282.54
INE1G2W01011,Q-Line Biotech,QLINE,,QLINE.NS,Healthcare Equipment & Supplies,Medical Equipment & Supplies,549.75,1282.47
INE848A01014,IZMO,IZMO,532341,IZMO.NS,IT - Services,IT Enabled Services,854.7,1280.37
INE449C01025,Andrew Yule & Co,ANDREWYU,526173,ANDREWYU.NS,Agricultural Food & other Products,Tea & Coffee,26.08,1275.18
INE201A01024,Manali Petrochem,MANALIPETC,500268,MANALIPETC.NS,Chemicals & Petrochemicals,Petrochemicals,74.02,1273.14
INE363A01022,Asian Hotels (N),ASIANHOTNR,500023,ASIANHOTNR.NS,Leisure Services,Hotels & Resorts,298.2,1271.32
INE533D01032,Raj Rayon Inds.,RAJRILTD,530699,RAJRILTD.NS,Textiles & Apparels,Other Textile Products,22.72,1263.42
INE1VXE01018,STL Networks,STLNETWORK,544395,STLNETWORK.NS,Telecom - Services,Other Telecom Services,25.85,1261.75
INE197A01024,Jyoti Structures,JYOTISTRUC,513250,JYOTISTRUC.NS,Electrical Equipment,Heavy Electrical Equipment,10.57,1261.7
INE158B01016,Eimco Elecon(I),EIMCOELECO,523708,EIMCOELECO.NS,Industrial Manufacturing,Industrial Products,2182.9,1259.53
INE737D01021,Modison,MODISONLTD,506261,MODISONLTD.NS,Electrical Equipment,Other Electrical Equipment,387.15,1256.3
INE497S01012,Godavari Bioref.,GODAVARIB,544279,GODAVARIB.NS,Diversified FMCG,Diversified FMCG,244.25,1249.97
INE184H01027,Everest Kanto,EKC,532684,EKC.NS,Industrial Manufacturing,Industrial Products,111.38,1249.77
INE346W01013,Apex Frozen Food,APEX,540692,APEX.NS,Food Products,Seafood,399.6,1248.75
INE485A01015,Century Enka,CENTENKA,500280,CENTENKA.NS,Textiles & Apparels,Other Textile Products,569.15,1243.59
INE835G01018,Alldigi Tech,ALLDIGI,532633,ALLDIGI.NS,Commercial Services & Supplies,Business Process Outsourcing (BPO)/ Knowledge Process Outsourcing (KPO),814.8,1241.62
INE484I01029,Precision Camshf,PRECAM,539636,PRECAM.NS,Auto Components,Auto Components & Equipments,130.58,1240.33
INE486R01017,GPT Healthcare,GPTHEALTH,544131,GPTHEALTH.NS,Healthcare Services,Hospital,150.64,1236.07
INE535D01037,Roto Pumps,ROTO,517500,ROTO.NS,Industrial Products,"Compressors, Pumps & Diesel Engines",65.58,1235.83
INE786F01031,Uttam Sug.Mills,UTTAMSUGAR,532729,UTTAMSUGAR.NS,Agricultural Food & other Products,Sugar,323.3,1233.01
INE0JYY01029,Mangalam World.,MWL,544764,MWL.NS,Metals & Minerals Trading,Trading - Metals,41.44,1230.8
INE405C01035,Lincoln Pharma.,LINCOLN,531633,LINCOLN.NS,Pharmaceuticals & Biotechnology,Pharmaceuticals,614.05,1229.93
INE963C01033,Faze Three,FAZE3Q,530079,FAZE3Q.NS,Textiles & Apparels,Other Textile Products,498.9,1227.19
INE405A01021,Ultramarine Pig.,ULTRAMAR,506685,ULTRAMAR.NS,Chemicals & Petrochemicals,Dyes And Pigments,419.4,1224.65
INE724A01017,GYFTR,GYFTR,507912,GYFTR.NS,Finance,Other Financial Services,159.32,1223.71
INE895B01021,Rupa & Co,RUPA,533552,RUPA.NS,Textiles & Apparels,Garments & Apparels,153.53,1220.94
INE142Q01026,Sula Vineyards,SULA,543711,SULA.NS,Beverages,Breweries & Distilleries,144.55,1220.68
INE062D01024,Alicon Cast.,ALICON,531147,ALICON.NS,Auto Components,Auto Components & Equipments,741.1,1216.28
INE02NC01014,Fino Payments,FINOPB,543386,FINOPB.NS,Banks,Other Bank,145.93,1214.41
INE0V0W01025,Gujarat Kidney,GKSL,544666,GKSL.NS,Healthcare Services,Hospital,152.97,1206.07
INE727B01026,Genesys Intl.,GENESYS,506109,GENESYS.NS,IT - Services,IT Enabled Services,179.35,1199.22
INE258R01028,Panorama Studios,PANORAMA,539469,PANORAMA.NS,Entertainment,"Film Production, Distribution & Exhibition",45.93,1196.64
INE887D01016,TCC Concept,TCC,512038,TCC.NS,Retailing,Internet & Catalogue Retail,251.7,1196.28
INE0PRF01011,Unihealth Hosp,UNIHEALTH,,UNIHEALTH.NS,Healthcare Services,Hospital,751.1,1194.25
INE435A01051,Andhra Paper,ANDHRAPAP,502330,ANDHRAPAP.NS,"Paper, Forest & Jute Products",Paper & Paper Products,59.96,1192.31
INE794B01026,Balaji Telefilms,BALAJITELE,532382,BALAJITELE.NS,Entertainment,Media & Entertainment,97.8,1192.2
INE041A01016,Dhampur Sugar,DHAMPURSUG,500119,DHAMPURSUG.NS,Agricultural Food & other Products,Sugar,185.23,1191.15
INE255D01024,Gulshan Polyols,GULPOLY,532457,GULPOLY.NS,Agricultural Food & other Products,Other Agricultural Products,190.71,1189.47
INE046A01015,Rel. Indl. Infra,RIIL,523445,RIIL.NS,Transport Services,Logistics Solution Provider,786.1,1187.01
INE350H01032,B.L.Kashyap,BLKASHYAP,532719,BLKASHYAP.NS,Construction,Civil Construction,52.52,1184.01
INE0PT501018,Platinum Industr,PLATIND,544134,PLATIND.NS,Chemicals & Petrochemicals,Specialty Chemicals,215.2,1181.98
INE199P01028,Gretex Corporate,GCSL,543324,GCSL.NS,Capital Markets,Other Capital Market related Services,488.9,1181.15
INE866K01023,Indosolar,WAAREEINDO,533257,WAAREEINDO.NS,Electrical Equipment,Heavy Electrical Equipment,283.9,1181.13
INE362A01016,PVP Ventures,PVP,517556,PVP.NS,Realty,"Residential, Commercial Projects",45.35,1180.93
INE07U701015,IRM Energy,IRMENERGY,544004,IRMENERGY.NS,Gas,LPG/CNG/PNG/LNG Supplier,286.15,1174.92
INE671K01027,Sunrakshakk Inds,SUNRAKSHAK,539300,SUNRAKSHAK.NS,Textiles & Apparels,Other Textile Products,378.45,1173.45
INE0H9P01028,Arisinfra Solu.,ARIS,544419,ARIS.NS,Other Construction Materials,Other Construction Materials,143.41,1173.01
INE0PA801013,GHCL Textiles,GHCLTEXTIL,543918,GHCLTEXTIL.NS,Textiles & Apparels,Other Textile Products,122.49,1170.83
INE17D601016,Safe Enterprises,SAFEENTP,,SAFEENTP.NS,Consumer Durables,"Furniture, Home Furnishing",250,1165.11
INE06IJ01010,Utssav CZ Gold,UTSSAV,,UTSSAV.NS,Consumer Durables,"Gems, Jewellery And Watches",482.25,1164.54
INE1J5V01013,Anawil Wire,ANAWIL,,ANAWIL.NS,Electrical Equipment,Heavy Electrical Equipment,465.15,1162.87
INE295F01017,Butterfly Gan Ap,BUTTERFLY,517421,BUTTERFLY.NS,Consumer Durables,Household Appliances,647.4,1157.55
INE701G01012,A.K.Capital Serv,AKCAPIT,530499,AKCAPIT.NS,Finance,Non Banking Financial Company (NBFC),1750,1155
INE073V01015,Commerl. Synbags,COMSYN,539986,COMSYN.NS,Industrial Products,Packaging,286.17,1154.39
INE672B01032,Munjal Auto Inds,MUNJALAU,520059,MUNJALAU.NS,Auto Components,Auto Components & Equipments,115.35,1153.5
INE0GGO01015,Krishival Foods,KRISHIVAL,544416,KRISHIVAL.NS,Food Products,Other Food Products,405.65,1152.06
INE0D0K01022,Sigachi Indust.,SIGACHI,543389,SIGACHI.NS,Pharmaceuticals & Biotechnology,Pharmaceuticals,30.05,1148.26
INE959C01023,Oriental Aromat.,OAL,500078,OAL.NS,Chemicals & Petrochemicals,Specialty Chemicals,339.85,1143.72
INE658G01014,S.A.L Steel,SALSTEEL,532604,SALSTEEL.NS,Ferrous Metals,Sponge Iron,78.93,1142.64
INE02L001032,Borosil Scienti.,BOROSCI,544184,BOROSCI.NS,Industrial Products,Glass - Industrial,128.4,1142.14
INE557A01011,BirlaNu Ltd,BIRLANU,509675,BIRLANU.NS,Other Construction Materials,Other Construction Materials,1514.2,1141.84
INE520Y01019,ICE Make Refrig.,ICEMAKE,,ICEMAKE.NS,Industrial Manufacturing,Industrial Products,721.7,1138.82
INE950M01013,Monte Carlo Fas.,MONTECARLO,538836,MONTECARLO.NS,Textiles & Apparels,Garments & Apparels,547.85,1135.81
INE284B01028,TGV Sraac,TGVSL,507753,TGVSL.NS,Chemicals & Petrochemicals,Commodity Chemicals,105.89,1133.97
INE660C01027,Centrum Capital,CENTRUM,501150,CENTRUM.NS,Finance,Other Financial Services,23.28,1133.34
INE0O5T01011,Remus Pharma.,REMUS,,REMUS.NS,Pharmaceuticals & Biotechnology,Pharmaceuticals,961.65,1133.21
INE173M01012,Onix Solar,ONIXSOLAR,513119,ONIXSOLAR.NS,Non - Ferrous Metals,Copper,305.9,1127.79
INE577L01016,STEL Holdings,STEL,533316,STEL.NS,Finance,Investment Company,611.05,1127.72
INE0PXC01024,Emkay Tools,ETL,,ETL.NS,Industrial Manufacturing,Industrial Products,1055,1125.82
INE1ARD01016,Sacheerome,SACHEEROME,,SACHEEROME.NS,Chemicals & Petrochemicals,Specialty Chemicals,500.55,1119.87
INE0PPK01015,Orient Tech.,ORIENTTECH,544235,ORIENTTECH.NS,IT - Services,IT Enabled Services,243.65,1116.06
INE828A01016,Bhartiya Intl.,BIL,526666,BIL.NS,Consumer Durables,Leather And Leather Products,831.1,1114.54
INE999K01014,Orient Green,GREENPOWER,533263,GREENPOWER.NS,Power,Power Generation,9.48,1112.03
INE866R01028,Matrimony.com,MATRIMONY,540704,MATRIMONY.NS,Retailing,Internet & Catalogue Retail,537.05,1110.26
INE964H01014,SEPC,SEPC,532945,SEPC.NS,Construction,Civil Construction,5.79,1108.8
INE701A01023,Vardhman Hold.,VHL,500439,VHL.NS,Finance,Investment Company,3453.8,1101.76
INE0ECP01024,HMA Agro Inds.,HMAAGRO,543929,HMAAGRO.NS,Food Products,Meat Products including Poultry,21.97,1100.19
INE451C01013,Auto.Corp.of Goa,ACGL,505036,ACGL.NS,Auto Components,Auto Components & Equipments,1806.2,1099.73
INE643K01018,Arihant Super.,ARIHANTSUP,506194,ARIHANTSUP.NS,Realty,"Residential, Commercial Projects",254.15,1099.2
INE0WO601020,Laxmi Dental,LAXMIDENTL,544339,LAXMIDENTL.NS,Healthcare Equipment & Supplies,Medical Equipment & Supplies,198.14,1090.2
INE01BK01022,Antony Waste han,AWHCL,543254,AWHCL.NS,Other Utilities,Waste Management,383.85,1089.59
INE137I01015,GRP,GRPLTD,509152,GRPLTD.NS,Industrial Products,Rubber,2039.4,1087.68
INE01GN01025,Iris Clothings,IRISDOREME,,IRISDOREME.NS,Textiles & Apparels,Garments & Apparels,57,1084.89
INE670O01013,One Global Serv,ONEGLOBAL,514330,ONEGLOBAL.NS,Healthcare Services,Healthcare Service Provider,555.1,1084.83
INE524B01027,Gandhi Spl. Tube,GANDHITUBE,513108,GANDHITUBE.NS,Industrial Products,Iron & Steel Products,892.35,1084.38
INE199E01014,Sunshield Chem.,SUNSHIEL,530845,SUNSHIEL.NS,Chemicals & Petrochemicals,Specialty Chemicals,1232.6,1084.05
INE411U01027,Bajaj Healthcare,BAJAJHCARE,539872,BAJAJHCARE.NS,Pharmaceuticals & Biotechnology,Pharmaceuticals,322,1083.94
INE068B01017,Saint-Gob. Sekur,SEKURITIND,515043,SEKURITIND.NS,Auto Components,Auto Components & Equipments,118.71,1081.57
INE290A01027,Nahar Spinning,NAHARSPING,500296,NAHARSPING.NS,Textiles & Apparels,Other Textile Products,299.8,1081.24
INE869Y01028,Tembo Global,TEMBO,,TEMBO.NS,Industrial Products,Iron & Steel Products,58.3,1081.19
INE00EV01017,Hariom Pipe,HARIOMPIPE,543517,HARIOMPIPE.NS,Industrial Products,Iron & Steel Products,348.5,1079.21
INE412G01024,BCL Industries,BCLIND,524332,BCLIND.NS,Beverages,Breweries & Distilleries,36.5,1077.35
INE570D01018,Arrow Greentech,ARROWGREEN,516064,ARROWGREEN.NS,Industrial Products,Packaging,713.15,1076
INE0R6Z01013,SRM Contractors,SRM,544158,SRM.NS,Construction,Civil Construction,467.85,1073.44
INE796G01012,Jindal Photo,JINDALPHOT,532624,JINDALPHOT.NS,Finance,Investment Company,1044.9,1071.89
INE232A01011,Sh. Digvijay Cem,SHREDIGCEM,502180,SHREDIGCEM.NS,Cement & Cement Products,Cement & Cement Products,72.39,1070.75
INE734I01027,Finkurve Fin.,FINKURVE,508954,FINKURVE.NS,Finance,Non Banking Financial Company (NBFC),76.32,1069.58
INE414A01015,Madras Fertilize,MADRASFERT,590134,MADRASFERT.NS,Fertilizers & Agrochemicals,Fertilizers,65.52,1055.54
INE694A01020,Unitech,UNITECH,507878,UNITECH.NS,Realty,"Residential, Commercial Projects",4.03,1054.37
INE620D01011,Indl.& Prud.Inv.,INDPRUD,501298,INDPRUD.NS,Finance,Investment Company,6289.5,1054.02
INE754A01055,Subex,SUBEXLTD,532348,SUBEXLTD.NS,IT - Software,Software Products,18.66,1051.83
INE275D01022,Amines & Plast.,AMNPLST,506248,AMNPLST.NS,Chemicals & Petrochemicals,Commodity Chemicals,191.03,1051.05
INE0V9N01017,Prizor Viztech,PRIZOR,,PRIZOR.NS,Industrial Manufacturing,Industrial Products,971.75,1049.12
INE677D01037,Master Trust,MASTERTR,511768,MASTERTR.NS,Capital Markets,Stockbroking & Allied,84.99,1045.51
INE170V01027,Salasar Techno,SALASAR,540642,SALASAR.NS,Industrial Manufacturing,Industrial Products,5.94,1038.28
INE148A01019,T N Petro Prod.,TNPETRO,500777,TNPETRO.NS,Chemicals & Petrochemicals,Petrochemicals,115.21,1036.54
INE0TO701015,Mamata Machinery,MAMATA,544318,MAMATA.NS,Industrial Manufacturing,Industrial Products,420.35,1034.39
INE994E01018,3B Blackbio,3BBLACKBIO,532067,3BBLACKBIO.NS,Healthcare Services,Healthcare Service Provider,1202.5,1032.07
INE559D01011,Crest Ventures,CREST,511413,CREST.NS,Finance,Non Banking Financial Company (NBFC),361.8,1029.31
INE127B01011,The Hi-Tech Gear,HITECHGEAR,522073,HITECHGEAR.NS,Auto Components,Auto Components & Equipments,546.3,1028.14
INE189I01024,Nelcast,NELCAST,532864,NELCAST.NS,Industrial Products,Castings & Forgings,117.81,1024.96
INE00ZE01026,Abans Financial,AFSL,543712,AFSL.NS,Finance,Holding Company,201.34,1023.61
INE284H01025,Dam Capital Advi,DAMCAPITAL,544316,DAMCAPITAL.NS,Capital Markets,Stockbroking & Allied,144.47,1021.2
INE511Y01018,MMP Industries,MMP,,MMP.NS,Non - Ferrous Metals,Aluminium,401.9,1020.93
INE577D01013,Jyoti Resins,JYOTIRES,514448,JYOTIRES.NS,Chemicals & Petrochemicals,Specialty Chemicals,849.5,1019.4
INE147P01019,Jindal Poly Inve,JPOLYINVST,536773,JPOLYINVST.NS,Finance,Investment Company,964,1013.16
INE336H01023,Gayatri Projects,GAYAPROJ,532767,GAYAPROJ.NS,Construction,Civil Construction,21.76,1010.31
INE457F01013,Salzer Electron.,SALZERELEC,517059,SALZERELEC.NS,Electrical Equipment,Other Electrical Equipment,569.55,1007.12
INE413D01011,Arih.Found.Hsg.,ARIHANT,531381,ARIHANT.NS,Realty,"Residential, Commercial Projects",1007.2,1003.74
INE338D01028,Bodal Chemicals,BODALCHEM,524370,BODALCHEM.NS,Chemicals & Petrochemicals,Dyes And Pigments,78.97,994.58
INE366A01041,Dwarikesh Sugar,DWARKESH,532610,DWARKESH.NS,Agricultural Food & other Products,Sugar,53.63,993.77
INE390H01020,Kamdhenu,KAMDHENU,532741,KAMDHENU.NS,Industrial Products,Iron & Steel Products,35.22,992.79
INE778B01029,Ester Industries,ESTER,500136,ESTER.NS,Industrial Products,Packaging,95.14,992.26
INE0MHO01029,Regaal Resources,REGAAL,544485,REGAAL.NS,Agricultural Food & other Products,Other Agricultural Products,95.96,988.33
INE00YJ01010,Jaro Institute,JARO,544534,JARO.NS,Other Consumer Services,E-Learning,443.1,986.8
INE00U401027,Unicommerce,UNIECOM,544227,UNIECOM.NS,IT - Software,Software Products,87.47,982.98
INE083B01024,Themis Medicare,THEMISMED,530199,THEMISMED.NS,Pharmaceuticals & Biotechnology,Pharmaceuticals,106.14,977.55
INE107A01015,T N Newsprint,TNPL,531426,TNPL.NS,"Paper, Forest & Jute Products",Paper & Paper Products,141.11,976.63
INE0DM401012,Shri Ahimsa,SHRIAHIMSA,,SHRIAHIMSA.NS,Food Products,Other Food Products,415,972.38
INE0GMR01016,Swaraj Suiting,SWARAJ,544861,SWARAJ.NS,Textiles & Apparels,Other Textile Products,367.6,971.14
INE611A01016,RSWM Ltd,RSWM,500350,RSWM.NS,Textiles & Apparels,Other Textile Products,204.83,964.78
INE365Y01019,Bharat Parenter.,BPLPHARMA,541096,BPLPHARMA.NS,Pharmaceuticals & Biotechnology,Pharmaceuticals,1397.1,962.88
INE17WC01013,Tejas Cargo,TEJASCARGO,,TEJASCARGO.NS,Transport Services,Logistics Solution Provider,402,960.49
INE194D01017,Asian Star Co.,ASTAR,531847,ASTAR.NS,Consumer Durables,"Gems, Jewellery And Watches",600,960.41
INE540G01014,Ambika Cotton,AMBIKCO,531978,AMBIKCO.NS,Textiles & Apparels,Other Textile Products,1677,960.08
INE0VCK01011,FlySBS Aviation,FLYSBS,,FLYSBS.NS,Transport Services,Airline,554.6,959.67
INE528A01020,GKW,GKWLIMITED,,GKWLIMITED.NS,Finance,Investment Company,1606.5,959.08
INE019J01013,Health X Platform,HEALTHX,533259,HEALTHX.NS,Healthcare Services,Healthcare Service Provider,300.85,957.02
INE0SFW01015,Freshara Agro,FRESHARA,,FRESHARA.NS,Food Products,Other Food Products,406.95,956.3
INE841D01013,Amal,AMAL,506597,AMAL.NS,Chemicals & Petrochemicals,Specialty Chemicals,772.95,955.57
INE082A01010,Kopran,KOPRAN,524280,KOPRAN.NS,Pharmaceuticals & Biotechnology,Pharmaceuticals,196.09,946.83
INE840M01016,Zuari Agro Chem.,ZUARI,534742,ZUARI.NS,Fertilizers & Agrochemicals,Fertilizers,225.04,946.47
INE477B01010,Dhunseri Vent.,DVL,523736,DVL.NS,Industrial Products,Packaging,269.49,943.75
INE0RFP01011,Sathlokhar Sys.,SSEGL,,SSEGL.NS,Construction,Civil Construction,363,943.02
INE032B01021,Prime Securities,PRIMESECU,500337,PRIMESECU.NS,Finance,Other Financial Services,276.65,939.51
INE235C01036,Sumeet Industrie,SUMEETINDS,514211,SUMEETINDS.NS,Textiles & Apparels,Other Textile Products,13.52,939.3
INE076C01018,IFB Agro Inds.,IFBAGRO,507438,IFBAGRO.NS,Beverages,Breweries & Distilleries,1001.5,938.41
INE843S01025,Suraj Estate,SURAJEST,544054,SURAJEST.NS,Realty,"Residential, Commercial Projects",195.46,933.78
INE354C01027,Bhageria Indust.,BHAGERIA,530803,BHAGERIA.NS,Chemicals & Petrochemicals,Dyes And Pigments,212.7,928.31
INE492A01029,Sudarshan Colorants,SUDARCOLOR,506390,SUDARCOLOR.NS,Chemicals & Petrochemicals,Dyes And Pigments,401.25,926.16
INE107F01022,Wanbury,WANBURY,524212,WANBURY.NS,Pharmaceuticals & Biotechnology,Pharmaceuticals,264.85,926.1
INE658T01017,Wealth First Por,WEALTH,544536,WEALTH.NS,Finance,Other Financial Services,866.85,923.63
INE409B01013,Swelect Energy,SWELECTES,532051,SWELECTES.NS,Electrical Equipment,Heavy Electrical Equipment,608.9,923.02
INE048C01025,Viceroy Hotels,VHLTD,523796,VHLTD.NS,Leisure Services,Hotels & Resorts,119.76,919.54
INE0QN801017,Krystal Integrat,KRYSTAL,544149,KRYSTAL.NS,Commercial Services & Supplies,Diversified Commercial Services,657.95,919.28
INE06XZ01023,Gem Aromatics,GEMAROMA,544491,GEMAROMA.NS,Chemicals & Petrochemicals,Specialty Chemicals,175.79,918.28
INE663B01015,Control Print,CONTROLPR,522295,CONTROLPR.NS,IT - Hardware,Computers Hardware & Equipments,573.8,917.75
INE032Z01020,Bombay Super Hyb,BSHSL,544757,BSHSL.NS,Agricultural Food & other Products,Other Agricultural Products,87.07,913.69
INE00OQ01016,Dharmaj Crop,DHARMAJ,543687,DHARMAJ.NS,Fertilizers & Agrochemicals,Pesticides & Agrochemicals,270,912.53
INE309M01020,Premier Polyfilm,PREMIERPOL,514354,PREMIERPOL.NS,Industrial Products,Plastic Products - Industrial,86.97,910.95
INE435D01014,Mac Charles(I),MCCHRLS-B,507836,MCCHRLS-B.NS,Leisure Services,Hotels & Resorts,694.95,910.38
INE01EG01016,Ritco Logistics,RITCO,542383,RITCO.NS,Transport Services,Logistics Solution Provider,317.9,909.92
INE049A01027,Himatsing. Seide,HIMATSEIDE,514043,HIMATSEIDE.NS,Textiles & Apparels,Other Textile Products,72.12,906.85
INE319Y01024,Tirupati Forge,TIRUPATIFL,,TIRUPATIFL.NS,Industrial Products,Castings & Forgings,69.62,905.34
INE0LEX01011,Sahana Systems,SAHANA,,SAHANA.NS,IT - Services,IT Enabled Services,853.05,904.62
INE888C01040,Sadhana Nitro,SADHNANIQ,506642,SADHNANIQ.NS,Chemicals & Petrochemicals,Commodity Chemicals,2.97,900.56
INE535F01024,Rajoo Engineers,RAJOOENG,522257,RAJOOENG.NS,Industrial Manufacturing,Industrial Products,50.36,899.81
INE00CE01017,Shree Vasu Logis,SVLL,,SVLL.NS,Transport Services,Logistics Solution Provider,781.05,897.72
INE0SGC01015,M.V.K. Agro,MVKAGRO,,MVKAGRO.NS,Agricultural Food & other Products,Sugar,177.3,895.43
INE730A01022,Oricon Enterpris,ORICONENT,513121,ORICONENT.NS,Industrial Products,Packaging,56.95,894.39
INE388A01029,Ganesh Benzopl.,GANESHBE,500153,GANESHBE.NS,Oil,Oil Storage & Transportation,123.96,892.38
INE760F01028,Indo Amines,INDOAMIN,524648,INDOAMIN.NS,Chemicals & Petrochemicals,Specialty Chemicals,122.35,888.11
INE075B01020,Sical Logistics,SICALLOG,520086,SICALLOG.NS,Transport Services,Logistics Solution Provider,111.21,887.29
INE0CJF01024,Western Carriers,WCIL,544258,WCIL.NS,Transport Services,Logistics Solution Provider,86.7,883.95
INE025A01027,Cons. Finvest,CONSOFINVT,,CONSOFINVT.NS,Finance,Non Banking Financial Company (NBFC),272.5,881.93
INE258Y01016,Laxmi Goldorna,LGHL,,LGHL.NS,Consumer Durables,"Gems, Jewellery And Watches",175.94,881.33
INE770A01010,Pradeep Metals,PRADPME,513532,PRADPME.NS,Auto Components,Auto Components & Equipments,509.25,879.47
INE270B01035,Mafatlal Inds.,MAFATIND,500264,MAFATIND.NS,Textiles & Apparels,Other Textile Products,121.81,879.21
INE0SOY01013,TAC Infosec,TAC,,TAC.NS,IT - Software,Computers - Software & Consulting,417.85,878.58
INE134B01017,Kirl. Electric,KECL,533193,KECL.NS,Electrical Equipment,Other Electrical Equipment,132.23,878.19
INE316A01038,Eco Recyc.,ECORECO,530643,ECORECO.NS,Other Utilities,Waste Management,454.75,877.52
INE442P01014,Suyog Telematics,SUYOG,537259,SUYOG.NS,Telecom - Services,Telecom - Infrastructure,748.8,877.38
INE00QT01015,Synergy Green,SGIL,541929,SGIL.NS,Industrial Products,Castings & Forgings,564.05,876.7
INE287C01037,MIC Electronics,MICEL,532850,MICEL.NS,Industrial Products,Other Industrial Products,36.24,873.43
INE0NG701011,Xtranet Techno.,XTRANET,544838,XTRANET.NS,IT - Services,IT Enabled Services,167.03,873.33
INE750M01017,Hexa Tradex,HEXATRADEX,534328,HEXATRADEX.NS,Finance,Investment Company,158.03,873.12
INE0I3401014,Dhampur Bio,DBOL,543593,DBOL.NS,Agricultural Food & other Products,Sugar,131.15,870.67
INE0OSJ01014,Vinsys IT Serv.,VINSYS,,VINSYS.NS,Other Consumer Services,Education,590,870.24
INE998U01015,Petro Carbon,PCCL,,PCCL.NS,Minerals & Mining,Industrial Minerals,350.1,864.75
INE0JUI01012,Hexagon Nutri.,HEXAGON,544785,HEXAGON.NS,Food Products,Packaged Foods,70.21,863.01
INE333I01044,Neueon Corporation,NEUEON,532887,NEUEON.NS,Electrical Equipment,Heavy Electrical Equipment,15.24,861.74
INE865T01018,Pudumjee Paper,PDMJEPAPER,539785,PDMJEPAPER.NS,"Paper, Forest & Jute Products",Paper & Paper Products,90.69,861.1
INE550H01011,Supreme Infra.,SUPREMEINF,532904,SUPREMEINF.NS,Construction,Civil Construction,88.3,860.95
INE740D01017,N R Agarwal Inds,NRAIL,516082,NRAIL.NS,"Paper, Forest & Jute Products",Paper & Paper Products,503.85,857.51
INE895W01019,Panache Digilife,PANACHE,,PANACHE.NS,IT - Services,IT Enabled Services,533.15,853.79
INE155G01029,NDTV,NDTV,532529,NDTV.NS,Entertainment,TV Broadcasting & Software Production,75.49,851.71
INE565V01010,Valiant Organics,VALIANTORG,540145,VALIANTORG.NS,Chemicals & Petrochemicals,Specialty Chemicals,302.7,848.61
INE347W01011,Magadh Sugar,MAGADSUGAR,540650,MAGADSUGAR.NS,Agricultural Food & other Products,Sugar,601.3,847.33
INE0CG601016,Max India Ltd,MAXIND,543223,MAXIND.NS,Finance,Holding Company,150.1,845.37
INE029Q01017,Baheti Recycling,BAHETI,,BAHETI.NS,Industrial Products,"Aluminium, Copper & Zinc Products",815.1,845.14
INE0AZY01017,Vilas Transcore,VILAS,,VILAS.NS,Industrial Products,Other Industrial Products,345.15,844.93
INE368U01029,United Polyfab,UNITEDPOLY,544756,UNITEDPOLY.NS,Textiles & Apparels,Other Textile Products,36.72,842.78
INE283A01014,Precot,PRECOT,,PRECOT.NS,Textiles & Apparels,Other Textile Products,697.35,836.82
INE880Y01017,Solex Energy,SOLEX,544862,SOLEX.NS,Electrical Equipment,Other Electrical Equipment,772.25,834.22
INE693D01018,Vadilal Enterp.,VADILENT,519152,VADILENT.NS,Food Products,Dairy Products,9700,834.2
INE420B01036,Arihant Capital,ARIHANTCAP,511605,ARIHANTCAP.NS,Capital Markets,Stockbroking & Allied,75.95,832.51
INE217A01012,Zuari Industries,ZUARIIND,500780,ZUARIIND.NS,Agricultural Food & other Products,Sugar,279.3,831.79
INE0DNW01011,Fairchem Organic,FAIRCHEMOR,543252,FAIRCHEMOR.NS,Chemicals & Petrochemicals,Specialty Chemicals,659.95,831.27
INE213D01015,Beekay Steel Ind,BEEKAY,539018,BEEKAY.NS,Industrial Products,Iron & Steel Products,435.3,830.21
INE283H01019,Royal Orch.Hotel,ROHLTD,532699,ROHLTD.NS,Leisure Services,Hotels & Resorts,302.7,830.16
INE800A01015,Birla Cable,BIRLACABLE,500060,BIRLACABLE.NS,Telecom -  Equipment & Accessories,Telecom -  Equipment & Accessories,276.64,829.92
INE060901027,Likhitha Infra.,LIKHITHA,543240,LIKHITHA.NS,Construction,Civil Construction,210.3,829.63
INE236G01019,TVS Elec.,TVSELECT,532513,TVSELECT.NS,IT - Hardware,Computers Hardware & Equipments,441.6,823.6
INE668G01021,Eldeco Housing,ELDEHSG,523329,ELDEHSG.NS,Realty,"Residential, Commercial Projects",835.4,821.45
INE16SF01016,Borana Weaves,BORANA,544404,BORANA.NS,Textiles & Apparels,Other Textile Products,307.95,820.54
INE453D01025,Sarla Performanc,SARLAPOLY,526885,SARLAPOLY.NS,Textiles & Apparels,Other Textile Products,97.89,817.41
INE0BX301013,Prostarm Info,PROSTARM,544410,PROSTARM.NS,Electrical Equipment,Other Electrical Equipment,138.72,816.71
INE606N01019,Excelsoft Tech.,EXCELSOFT,544617,EXCELSOFT.NS,IT - Services,IT Enabled Services,70.9,815.95
INE392A01021,Visaka Industrie,VISAKAIND,509055,VISAKAIND.NS,Cement & Cement Products,Cement & Cement Products,94.43,815.92
INE1SJO01012,Advit Jewels,RAMBHAJO,544803,RAMBHAJO.NS,Consumer Durables,"Gems, Jewellery And Watches",177.41,812.72
INE0JM501013,Nupur Recyclers,NRL,,NRL.NS,Metals & Minerals Trading,Trading - Metals,117.66,812.67
INE917H01012,Sr.Rayala.Hypo,SRHHYPOLTD,532842,SRHHYPOLTD.NS,Chemicals & Petrochemicals,Commodity Chemicals,473.15,812.15
INE0P8B01020,Gaudium IVF,GAUDIUMIVF,544709,GAUDIUMIVF.NS,Healthcare Services,Healthcare Service Provider,111.41,810.92
INE417D01020,Fedders Holding,FEDDERSHOL,511628,FEDDERSHOL.NS,Finance,Non Banking Financial Company (NBFC),40.26,810.9
INE334A01023,Sterling Tools,STERTOOLS,530759,STERTOOLS.NS,Auto Components,Auto Components & Equipments,223,810.48
INE239D01028,Om Infra,OMINFRAL,531092,OMINFRAL.NS,Construction,Civil Construction,84.13,810.2
INE0RBQ01018,Sahasra Electro.,SAHASRA,,SAHASRA.NS,Industrial Products,Other Industrial Products,323.45,808.39
INE00YB01025,A B Infrabuild,ABINFRA,544281,ABINFRA.NS,Construction,Civil Construction,12.63,806.79
INE232E01013,Veljan Denison,VELJAN,505232,VELJAN.NS,Auto Components,Auto Components & Equipments,1785.2,803.34
INE760A01029,Kokuyo Camlin,KOKUYOCMLN,523207,KOKUYOCMLN.NS,Household Products,Stationary,80.08,803.23
INE0ATZ01017,Kronox Lab,KRONOX,544187,KRONOX.NS,Chemicals & Petrochemicals,Specialty Chemicals,215.18,798.4
INE0CG401037,Mukka Proteins,MUKKA,544135,MUKKA.NS,Food Products,Animal Feed,26.59,797.7
INE583V01021,Radhika Jeweltec,RADHIKAJWE,540125,RADHIKAJWE.NS,Consumer Durables,"Gems, Jewellery And Watches",67.56,797.21
INE345H01024,Capital India,CIFL,530879,CIFL.NS,Finance,Non Banking Financial Company (NBFC),20.32,794.63
INE863T01013,JITF Infra Logis,JITFINFRA,540311,JITFINFRA.NS,Other Utilities,Water Supply & Management,309,794.24
INE0U9101019,Effwa Infra,EFFWA,,EFFWA.NS,Other Utilities,Waste Management,343.1,794.18
INE900C01027,Automotive Stamp,ASAL,520119,ASAL.NS,Auto Components,Auto Components & Equipments,500.1,793.16
INE337M01021,Indo Thai Sec.,INDOTHAI,533676,INDOTHAI.NS,Capital Markets,Stockbroking & Allied,59.66,792.51
INE0PK601023,OCCL,OCCLLTD,544278,OCCLLTD.NS,Chemicals & Petrochemicals,Commodity Chemicals,158.63,792.36
INE026D01011,Lotus Chocolate,LOTUSCHO,523475,LOTUSCHO.NS,Food Products,Packaged Foods,614.9,789.53
INE0TR001017,Vision Infra,VIESL,,VIESL.NS,Commercial Services & Supplies,Diversified Commercial Services,319.95,788.43
INE01A001028,Stanley Lifesty.,STANLEY,544202,STANLEY.NS,Consumer Durables,"Furniture, Home Furnishing",137.89,787.71
INE684B01029,IST,ISTLTD,508807,ISTLTD.NS,Auto Components,Auto Components & Equipments,674.8,787.09
INE732C01016,NCL Industries,NCLIND,502168,NCLIND.NS,Cement & Cement Products,Cement & Cement Products,174,787.05
INE219Y01026,R M Drip & Sprin,RMDRIP,544456,RMDRIP.NS,Industrial Products,Plastic Products - Industrial,18.37,786.66
INE583B01015,Sandesh,SANDESH,526725,SANDESH.NS,Media,Print Media,1038.75,786.33
INE00U801010,Parin Enterpris.,PARIN,,PARIN.NS,Consumer Durables,"Furniture, Home Furnishing",707,786.04
INE0R8B01010,Patel Retail,PATELRMART,544487,PATELRMART.NS,Retailing,Diversified Retail,234.11,781.94
INE692C01020,Taneja Aerospace,TANAA,522229,TANAA.NS,Aerospace & Defense,Aerospace & Defense,306.55,781.72
INE709A01018,VLS Finance,VLSFINANCE,511333,VLSFINANCE.NS,Finance,Investment Company,248.95,781.17
INE772T01024,Popular Vehicles,PVSL,544144,PVSL.NS,Automobiles,Auto Dealer,109.67,780.83
INE720A01015,Kothari Petroche,KOTHARIPET,,KOTHARIPET.NS,Chemicals & Petrochemicals,Petrochemicals,132.48,779.6
INE356B01024,Systematix Corp.,SYSTMTXC,526506,SYSTMTXC.NS,Capital Markets,Stockbroking & Allied,57.03,778.68
INE583C01021,Deccan Cements,DECCANCE,502137,DECCANCE.NS,Cement & Cement Products,Cement & Cement Products,554.15,776.23
INE306L01010,Quick Heal Tech,QUICKHEAL,539678,QUICKHEAL.NS,IT - Software,Software Products,142.87,775.27
INE090501011,Scoda Tubes,SCODATUBES,544411,SCODATUBES.NS,Industrial Products,Iron & Steel Products,128.84,771.87
INE457G01029,Oriental Rail,ORIRAIL,531859,ORIRAIL.NS,Industrial Products,Other Industrial Products,114.78,769.7
INE916G01016,GeeCee Vent.,GEECEE,532764,GEECEE.NS,Realty,"Residential, Commercial Projects",366.65,766.73
INE1B0W01010,Advance Agrolife,ADVANCE,544562,ADVANCE.NS,Fertilizers & Agrochemicals,Pesticides & Agrochemicals,119.2,766.29
INE0TGX01019,Chembond Chemic.,CHEMBONDCH,544450,CHEMBONDCH.NS,Chemicals & Petrochemicals,Specialty Chemicals,284.38,764.88
INE0R4L01018,Denta Water,DENTA,544345,DENTA.NS,Other Utilities,Water Supply & Management,286.4,764.69
INE489G01022,Anuh Pharma,ANUHPHR,506260,ANUHPHR.NS,Pharmaceuticals & Biotechnology,Pharmaceuticals,76.03,762
INE084K01015,Amanta Healthcar,AMANTA,544502,AMANTA.NS,Pharmaceuticals & Biotechnology,Pharmaceuticals,195.79,760.24
INE0Y8W01025,Anlon Healthcare,AHCL,544497,AHCL.NS,Pharmaceuticals & Biotechnology,Pharmaceuticals,14.28,759
INE955I01044,Sejal Glass,SEJALLTD,532993,SEJALLTD.NS,Industrial Products,Glass - Industrial,663.9,756.85
INE763M01028,Mercury EV-Tech,MERCURYEV,531357,MERCURYEV.NS,Automobiles,Passenger Cars & Utility Vehicles,39.71,754.38
INE726E01014,U P Hotels,UPHOT,509960,UPHOT.NS,Leisure Services,Hotels & Resorts,1396,753.84
INE296E01026,Rajapalayam Mill,RAJPALAYAM,532503,RAJPALAYAM.NS,Textiles & Apparels,Other Textile Products,816.05,752.41
INE0L0L01012,Modi's Navnirman,MODIS,543539,MODIS.NS,Realty,"Residential, Commercial Projects",383.15,750.64
INE032E01017,Aryaman Fin.Serv,ARYAMAN,530245,ARYAMAN.NS,Finance,Non Banking Financial Company (NBFC),610,747.07
INE290E01011,Yogi Ltd,YOGI,511702,YOGI.NS,Finance,Non Banking Financial Company (NBFC),165.97,746.87
INE130L01014,Enkei Wheels,ENKEIWHEL,533477,ENKEIWHEL.NS,Auto Components,Auto Components & Equipments,414.15,744.43
INE418E01018,Permanent Magnet,PERMAGN,504132,PERMAGN.NS,Electrical Equipment,Other Electrical Equipment,864.45,743.43
INE289B01019,GIC Housing Fin,GICHSGFIN,511676,GICHSGFIN.NS,Finance,Housing Finance Company,137.68,741.41
INE389K01018,Welspun Investme,WELINV,533252,WELINV.NS,Finance,Investment Company,2022,738.03
INE893I01013,Vascon Engineers,VASCONEQ,533156,VASCONEQ.NS,Realty,"Residential, Commercial Projects",31.84,737.72
INE204E01012,Agarwal Indl.,AGARIND,531921,AGARIND.NS,Chemicals & Petrochemicals,Petrochemicals,491.8,735.62
INE704G01024,Bajaj Steel Inds,BAJAJST,507944,BAJAJST.NS,Industrial Manufacturing,Industrial Products,351.7,731.54
INE0KNT01012,Manoj Vaibhav,MVGJL,543995,MVGJL.NS,Consumer Durables,"Gems, Jewellery And Watches",149.6,730.76
INE0ISZ01012,Z-Tech (India),ZTECH,,ZTECH.NS,Other Utilities,Waste Management,494.4,729.95
INE687A01016,Transpek Inds.,TRANSPEK,506687,TRANSPEK.NS,Chemicals & Petrochemicals,Commodity Chemicals,1306.7,729.87
INE655A01013,S T C,STCINDIA,512531,STCINDIA.NS,Commercial Services & Supplies,Trading & Distributors,121.21,727.26
INE164B01030,Kellton Tech,KELLTONTEC,519602,KELLTONTEC.NS,IT - Services,IT Enabled Services,13.56,720.58
INE144J01027,20 Microns,20MICRONS,533022,20MICRONS.NS,Minerals & Mining,Industrial Minerals,204.19,720.52
INE506D01020,Haldyn Glass,HALDYNGL,515147,HALDYNGL.NS,Industrial Products,Packaging,133.72,718.77
INE28GN01010,Advent Hotels,ADVENTHTL,544446,ADVENTHTL.NS,Leisure Services,Hotels & Resorts,133.2,718.52
INE980Y01015,South West Pinn.,SOUTHWEST,543986,SOUTHWEST.NS,Commercial Services & Supplies,Diversified Commercial Services,220.04,718.46
INE0PKD01011,Mangal Electrica,MEIL,544492,MEIL.NS,Electrical Equipment,Other Electrical Equipment,259.55,717.14
INE501Y01019,Sheetal Cool,SCPL,540757,SCPL.NS,Food Products,Dairy Products,682.75,716.89
INE215I01027,Maan Aluminium,MAANALU,532906,MAANALU.NS,Non - Ferrous Metals,Aluminium,119.4,716.22
INE865C01022,Adit.Birla Money,BIRLAMONEY,532974,BIRLAMONEY.NS,Capital Markets,Stockbroking & Allied,126.6,715.41
INE515H01014,Empire Inds.,EMPIND,509525,EMPIND.NS,Diversified,Diversified,1192,715.2
INE0RMF01018,OSEL Devices,OSELDEVICE,,OSELDEVICE.NS,Healthcare Equipment & Supplies,Medical Equipment & Supplies,400.55,712.76
INE505A01010,DMCC Speciality,DMCC,506405,DMCC.NS,Chemicals & Petrochemicals,Specialty Chemicals,284.3,709.04
INE0N7W01012,BEML Land Assets,BLAL,543898,BLAL.NS,Finance,Investment Company,168.43,701.42
INE0MEG01014,Viviana Power,VIVIANA,,VIVIANA.NS,Construction,Civil Construction,692.4,701.04
INE830C01026,Emami Paper,EMAMIPAP,533208,EMAMIPAP.NS,"Paper, Forest & Jute Products",Paper & Paper Products,115.81,700.65
INE397H01017,Lokesh Mach.,LOKESHMACH,532740,LOKESHMACH.NS,Industrial Manufacturing,Industrial Products,321.4,700.55
INE722B01019,Praveg,PRAVEG,531637,PRAVEG.NS,Leisure Services,Hotels & Resorts,267.7,699.79
INE0SA001017,RNFI Services,RNFI,,RNFI.NS,Finance,Other Financial Services,275.5,698.58
INE0OMO01025,Cellecor Gadgets,CELLECOR,,CELLECOR.NS,Consumer Durables,Consumer Electronics,31.4,698.11
INE0MGA01012,Karnika Industri,KARNIKA,,KARNIKA.NS,Textiles & Apparels,Garments & Apparels,112.35,696.54
INE0Z7N01017,Tankup Engi.,TANKUP,,TANKUP.NS,Industrial Products,Other Industrial Products,1312.5,694.97
INE360C01024,India Power Corp,DPSCLTD,,DPSCLTD.NS,Power,Integrated Power Utilities,7.13,694.31
INE429I01024,C C C L,CCCL,532902,CCCL.NS,Realty,"Residential, Commercial Projects",15.49,692.03
INE0O9T01021,Indef Manufactur,BAJAJINDEF,544364,BAJAJINDEF.NS,Industrial Manufacturing,Industrial Products,215.85,690.72
INE295A01018,Everest Inds.,EVERESTIND,508906,EVERESTIND.NS,Other Construction Materials,Other Construction Materials,434.5,688.93
INE038F01029,T.V. Today Netw.,TVTODAY,532515,TVTODAY.NS,Entertainment,TV Broadcasting & Software Production,115.43,688.75
INE0N5801013,Vasa Denticity,DENTALKART,,DENTALKART.NS,Healthcare Equipment & Supplies,Medical Equipment & Supplies,395.6,686.11
INE1KPX01025,Credent Connect N Care,CREDENT,,CREDENT.NS,Commercial Services & Supplies,Diversified Commercial Services,375,683.36
INE692G01013,Xchanging Sol.,XCHANGING,532616,XCHANGING.NS,IT - Software,Computers - Software & Consulting,61.25,682.35
INE974B01016,Cheviot Company,CHEVIOT,526817,CHEVIOT.NS,"Paper, Forest & Jute Products",Jute & Jute Products,1166.2,681.28
INE252A01019,Spel Semiconduct,SPELS,517166,SPELS.NS,Electrical Equipment,Other Electrical Equipment,147.71,681.24
INE622H01018,Indo Farm Equip.,INDOFARM,544328,INDOFARM.NS,"Agricultural, Commercial & Construction Vehicles",Construction Vehicles,141.76,681.18
INE03YM01018,Chemcon Special.,CHEMCON,543233,CHEMCON.NS,Chemicals & Petrochemicals,Specialty Chemicals,185.48,679.43
INE247M01014,Speciality Rest.,SPECIALITY,534425,SPECIALITY.NS,Leisure Services,Restaurants,140.81,679.21
INE871K01015,Hindustan Media,HMVL,533217,HMVL.NS,Media,Print Media,92.1,678.51
INE849C01026,Shalimar Paints,SHALPAINTS,509874,SHALPAINTS.NS,Consumer Durables,Paints,80.89,677.14
INE0OU201013,DCM Shriram Intl,DCMSIL,544702,DCMSIL.NS,Textiles & Apparels,Other Textile Products,77.79,676.71
INE0MYZ01012,Influx Health.,INFLUX,,INFLUX.NS,Pharmaceuticals & Biotechnology,Pharmaceuticals,292,675.99
INE06WU01026,Laxmi India Fin.,LAXMIINDIA,544465,LAXMIINDIA.NS,Finance,Non Banking Financial Company (NBFC),128.76,674.61
INE138C01024,Kanoria Chem.,KANORICHEM,506525,KANORICHEM.NS,Industrial Manufacturing,Industrial Products,153.89,672.5
INE1H7V01011,Parth Electrical,PARTH,,PARTH.NS,Electrical Equipment,Other Electrical Equipment,491.65,671.99
INE400A01014,Tuticorin Alkali,TUTIALKA,506808,TUTIALKA.NS,Chemicals & Petrochemicals,Commodity Chemicals,55.09,671.19
INE518E01015,Zim Laboratories,ZIMLAB,541400,ZIMLAB.NS,Pharmaceuticals & Biotechnology,Pharmaceuticals,125.03,670.89
INE767C01012,Axtel Industries,AXTEL,523850,AXTEL.NS,Industrial Manufacturing,Industrial Products,411.95,665.5
INE0U2N01013,Sunlite Recycli.,SUNLITE,,SUNLITE.NS,Industrial Products,"Aluminium, Copper & Zinc Products",481.95,665.37
INE0O3901029,TransIndia Real,TREL,543955,TREL.NS,Transport Services,Logistics Solution Provider,27.05,664.61
INE296H01011,Emk.Global Fin.,EMKAY,532737,EMKAY.NS,Capital Markets,Stockbroking & Allied,239.85,662.6
INE785A01026,Jayant Agro Org.,JAYAGROGN,524330,JAYAGROGN.NS,Chemicals & Petrochemicals,Specialty Chemicals,220.69,662.07
INE694N01015,Heranba Inds,HERANBA,543266,HERANBA.NS,Fertilizers & Agrochemicals,Pesticides & Agrochemicals,164.88,659.74
INE0NN701020,Allcargo Termi,ATL,543954,ATL.NS,Transport Infrastructure,Port & Port services,24.86,659.61
INE06HJ01020,Ecos (India),ECOSMOBLTY,544239,ECOSMOBLTY.NS,Transport Services,Road Transport,109.82,658.92
INE350Z01018,Gloster Ltd,GLOSTERLTD,542351,GLOSTERLTD.NS,"Paper, Forest & Jute Products",Jute & Jute Products,601,657.69
INE939X01013,Manba Finance,MANBA,544262,MANBA.NS,Finance,Non Banking Financial Company (NBFC),130.9,657.63
INE403Y01018,Innovana Think.,INNOVANA,544302,INNOVANA.NS,IT - Software,Computers - Software & Consulting,318,656.99
INE037A01022,Uniphos Enter.,UNIENTER,500429,UNIENTER.NS,Chemicals & Petrochemicals,Trading - Chemicals,94.46,656.97
INE230R01035,Rama Steel Tubes,RAMASTEEL,539309,RAMASTEEL.NS,Industrial Products,Iron & Steel Products,4.01,656.05
INE0HF201011,Fabtech Tech.,FABTECH,544558,FABTECH.NS,Healthcare Services,"Healthcare Research, Analytics & Technology",146.82,652.63
INE915K01010,Asian Hotels (W),AHLWEST,533221,AHLWEST.NS,Leisure Services,Hotels & Resorts,559.95,652.41
INE1OOJ01011,Apsis Aerocom,APSISAERO,,APSISAERO.NS,Aerospace & Defense,Aerospace & Defense,540.85,651.83
INE414Y01015,Shree Ganesh Rem,SGRL,540737,SGRL.NS,Pharmaceuticals & Biotechnology,Pharmaceuticals,507.6,651.64
INE652V01016,Ganesh Consumer,GANESHCP,544528,GANESHCP.NS,Food Products,Packaged Foods,161.24,651.62
INE050001010,Prakash Pipes,PPL,542684,PPL.NS,Industrial Products,Plastic Products - Industrial,271.6,649.62
INE220Z01013,Sharat Industrie,SHINDL,519397,SHINDL.NS,Food Products,Seafood,165.28,648.14
INE626A01014,Saurashtra Cem.,SAURASHCEM,502175,SAURASHCEM.NS,Cement & Cement Products,Cement & Cement Products,58.22,647.91
INE529I01021,Kuantum Papers,KUANTUM,532937,KUANTUM.NS,"Paper, Forest & Jute Products",Paper & Paper Products,74.19,647.41
INE052T01021,Best Agrolife,BESTAGRO,539660,BESTAGRO.NS,Fertilizers & Agrochemicals,Pesticides & Agrochemicals,18.24,646.92
INE0D6I01023,Ksolves India,KSOLVES,543599,KSOLVES.NS,IT - Software,Computers - Software & Consulting,272.05,645.31
INE285C01015,Voith Paper,VOITHPAPR,522122,VOITHPAPR.NS,Textiles & Apparels,Other Textile Products,1469.5,645.11
INE413G01022,TPL Plastech,TPLPLASTEH,526582,TPLPLASTEH.NS,Industrial Products,Packaging,82.6,644.3
INE501G01024,H T Media,HTMEDIA,532662,HTMEDIA.NS,Media,Print Media,27.57,641.76
INE546V01010,Euro India Fresh,EIFFL,,EIFFL.NS,Food Products,Packaged Foods,258.6,641.33
INE416A01051,Aqylon Nexus,AQYLON,530943,AQYLON.NS,Entertainment,TV Broadcasting & Software Production,25.27,641.18
INE694E01014,Kanpur Plastipa.,KANPRPLA,507779,KANPRPLA.NS,Industrial Products,Packaging,260.91,641.12
INE08NZ01012,Namo eWaste,NAMOEWASTE,,NAMOEWASTE.NS,Other Utilities,Waste Management,280.25,640.86
INE0ONE01016,Proventus Agro.,PROV,,PROV.NS,Food Products,Other Food Products,1845,637.16
INE195N01013,Prozone Realty,PROZONER,534675,PROZONER.NS,Realty,"Residential, Commercial Projects",41.73,636.8
INE051B01021,Vakrangee,VAKRANGEE,511431,VAKRANGEE.NS,IT - Services,IT Enabled Services,5.87,635.83
INE071E01023,Ugar Sugar Works,UGARSUGAR,530363,UGARSUGAR.NS,Agricultural Food & other Products,Sugar,56.5,635.63
INE229A01017,Onward Technolog,ONWARDTEC,517536,ONWARDTEC.NS,IT - Services,IT Enabled Services,285.5,635.03
INE734N01019,Snowman Logistic,SNOWMAN,538635,SNOWMAN.NS,Transport Services,Logistics Solution Provider,37.84,632.26
INE0I7D01019,Foce India,FOCE,,FOCE.NS,Consumer Durables,"Gems, Jewellery And Watches",537,630.6
INE0ADB01012,Innovision,INNOVISION,544732,INNOVISION.NS,Transport Infrastructure,"Road AssetsToll, Annuity, Hybrid-Annuity",264.55,629.98
INE0A1101019,DC Infotech,DCI,543636,DCI.NS,IT - Hardware,Computers Hardware & Equipments,381.35,625.41
INE645H01027,Sutlej Textiles,SUTLEJTEX,532782,SUTLEJTEX.NS,Textiles & Apparels,Other Textile Products,38.14,624.84
INE260R01016,Dhabriya Poly.,DHABRIYA,538715,DHABRIYA.NS,Industrial Products,Plastic Products - Industrial,576.7,624.23
INE311M01018,Shraddha Prime,SHRADDHA,531771,SHRADDHA.NS,Realty,"Residential, Commercial Projects",154.21,623.02
INE626Z01029,Hardwyn India,HARDWYN,541276,HARDWYN.NS,Consumer Durables,"Furniture, Home Furnishing",9.08,620.89
INE562X01013,Univastu India,UNIVASTU,,UNIVASTU.NS,Construction,Civil Construction,171.55,617.35
INE0TQE01026,Glottis,GLOTTIS,544557,GLOTTIS.NS,Transport Services,Logistics Solution Provider,66.66,615.96
INE966H01019,Zee Media,ZEEMEDIA,532794,ZEEMEDIA.NS,Entertainment,TV Broadcasting & Software Production,9.38,614.79
INE102I01027,Allied Digital,ADSL,532875,ADSL.NS,IT - Services,IT Enabled Services,108.49,614.6
INE335K01011,Coffee Day Enter,COFFEEDAY,539436,COFFEEDAY.NS,Leisure Services,Restaurants,29.08,614.32
INE967C01018,Kamat Hotels,KAMATHOTEL,526668,KAMATHOTEL.NS,Leisure Services,Hotels & Resorts,207.66,612.18
INE869I01013,GTPL Hathway,GTPL,540602,GTPL.NS,Entertainment,TV Broadcasting & Software Production,54.25,610.11
INE116C01012,Z F Steering,ZFSTEERING,505163,ZFSTEERING.NS,Auto Components,Auto Components & Equipments,671.9,609.41
INE389C01015,Mallcom (India),MALLCOM,539400,MALLCOM.NS,Industrial Products,Other Industrial Products,974.5,608.09
INE538A01037,GFL,GFLLIMITED,500173,GFLLIMITED.NS,Finance,Holding Company,55.35,608.02
INE310C01029,Hind.Composites,HINDCOMPOS,509635,HINDCOMPOS.NS,Auto Components,Auto Components & Equipments,411.5,607.74
INE0QRV01016,ABS Marine,ABSMARINE,,ABSMARINE.NS,Transport Services,Shipping,247.5,607.61
INE564J01026,Sh. Jagdamba Pol,SHRJAGP,512453,SHRJAGP.NS,Industrial Products,Packaging,692.85,606.8
INE809I01019,OnMobile Global,ONMOBILE,532944,ONMOBILE.NS,Media,Web based media and service,56.99,606.12
INE719F01016,Shiv Aum Steels,SHIVAUM,,SHIVAUM.NS,Commercial Services & Supplies,Trading & Distributors,444.15,604.06
INE412U01025,BIGBLOC Const.,BIGBLOC,540061,BIGBLOC.NS,Cement & Cement Products,Cement & Cement Products,42.49,601.56
INE0MIS01010,Pyramid Technopl,PYRAMID,543969,PYRAMID.NS,Industrial Products,Packaging,163.43,601.17
INE879A01019,Sh. Rama Multi.,SHREERAMA,532310,SHREERAMA.NS,Industrial Products,Packaging,45.04,601.14
INE636A01039,Mawana Sugars,MAWANASUG,523371,MAWANASUG.NS,Agricultural Food & other Products,Sugar,152.54,596.74
INE320L01011,Dhunseri Invest.,DHUNINV,533336,DHUNINV.NS,Finance,Non Banking Financial Company (NBFC),975.65,594.87
INE0R8C01018,Ganesh Green,GGBL,,GGBL.NS,Electrical Equipment,Other Electrical Equipment,238.35,591.13
INE440G01017,Triton Valves,TRITONV,505978,TRITONV.NS,Auto Components,Auto Components & Equipments,1153.7,590.94
INE1MTV01019,KRM Ayurveda,KRMAYURVED,,KRMAYURVED.NS,Pharmaceuticals & Biotechnology,Pharmaceuticals,277.05,589.03
INE298I01015,Aries Agro,ARIES,532935,ARIES.NS,Fertilizers & Agrochemicals,Fertilizers,452.7,588.71
INE953E01022,KSE,KSE,519421,KSE.NS,Food Products,Animal Feed,183.84,588.29
INE308A01027,Nahar Poly,NAHARPOLY,523391,NAHARPOLY.NS,Industrial Products,Packaging,238.75,587.04
INE170E01023,Satia Industries,SATIA,539201,SATIA.NS,"Paper, Forest & Jute Products",Paper & Paper Products,58.68,586.8
INE467D01017,Virat Industries,VIRAT,530521,VIRAT.NS,Textiles & Apparels,Garments & Apparels,401.7,583.4
INE938C01019,Lakshmi Mills,LAKSHMIMIL,502958,LAKSHMIMIL.NS,Textiles & Apparels,Other Textile Products,8344.5,580.78
INE365I01020,NBI Indl. Fin.,NBIFIN,,NBIFIN.NS,Finance,Non Banking Financial Company (NBFC),1964.9,580.6
INE587G01015,Kaya Ltd,KAYA,539276,KAYA.NS,Leisure Services,Wellness,382.25,580.55
INE0QHG01026,Supreme Power,SUPREMEPWR,,SUPREMEPWR.NS,Electrical Equipment,Other Electrical Equipment,232.2,580.29
INE231G01010,Orbit Exports,ORBTEXP,512626,ORBTEXP.NS,Textiles & Apparels,Other Textile Products,225.12,576.76
INE728Z01015,Softtech Enginee,SOFTTECH,543470,SOFTTECH.NS,IT - Software,Computers - Software & Consulting,416.2,576.11
INE318C01014,Sayaji Hotels,SAYAJIHOTL,523710,SAYAJIHOTL.NS,Leisure Services,Hotels & Resorts,328,574.59
INE878I01022,Bafna Pharma.,BAFNAPH,532989,BAFNAPH.NS,Pharmaceuticals & Biotechnology,Pharmaceuticals,242.45,573.55
INE802B01027,Linc,LINC,531241,LINC.NS,Household Products,Stationary,96.37,573.3
INE798F01010,Panchmahal Steel,PANCHMAHQ,513511,PANCHMAHQ.NS,Industrial Products,Iron & Steel Products,300,572.4
INE550F01049,Haz.Multi Proj.,HAZOOR,532467,HAZOOR.NS,Construction,Civil Construction,21.12,571.57
INE120D01012,Hitech Corp.,HITECHCORP,526217,HITECHCORP.NS,Industrial Products,Packaging,331.5,569.37
INE729D01010,Kilitch Drugs,KILITCH,524500,KILITCH.NS,Pharmaceuticals & Biotechnology,Pharmaceuticals,162.33,567.53
INE0B2N01016,Chandan Healthca,CHANDAN,,CHANDAN.NS,Healthcare Services,Healthcare Service Provider,230.85,564.48
INE824Q01011,Manaksia Steels,MANAKSTEEL,539044,MANAKSTEEL.NS,Ferrous Metals,Iron & Steel,85.46,560.05
INE0F3301020,S J Logistics (I,SJLOGISTIC,,SJLOGISTIC.NS,Transport Services,Logistics Solution Provider,353.55,559.43
INE25E901019,Om Power Transmission,OMPOWER,544750,OMPOWER.NS,Construction,Civil Construction,163.09,558.5
INE099F01013,Sreeleathers,SREEL,535601,SREEL.NS,Consumer Durables,Footwear,240.84,557.67
INE697V01011,Pansari Develop.,PANSARI,,PANSARI.NS,Realty,"Residential, Commercial Projects",317.55,554.02
INE761G01016,Black Rose Indus,BLACKROSE,514183,BLACKROSE.NS,Chemicals & Petrochemicals,Specialty Chemicals,108.49,553.3
INE0PEQ01016,RBZ Jewellers Lt,RBZJEWEL,544060,RBZJEWEL.NS,Consumer Durables,"Gems, Jewellery And Watches",138.09,552.36
INE818B01023,Pasupati Acrylon,PASUPTAC,500456,PASUPTAC.NS,Chemicals & Petrochemicals,Petrochemicals,61.71,550.02
INE835B01035,Mold-Tek Technol,MOLDTECH,526263,MOLDTECH.NS,Construction,Civil Construction,190,547.3
INE110B01017,Mindteck (India),MINDTECK,517344,MINDTECK.NS,IT - Software,Computers - Software & Consulting,171.27,547.28
INE569C01020,Orient Ceratech,ORIENTCER,504879,ORIENTCER.NS,Industrial Products,Electrodes & Refractories,45.63,545.91
INE303A01010,DIC India,DICIND,500089,DICIND.NS,Chemicals & Petrochemicals,Printing Inks,593.9,545.14
INE291W01037,Global Education,GLOBAL,,GLOBAL.NS,Other Consumer Services,Education,106.98,544.54
INE289A01011,Nahar Indl. Ent.,NAHARINDUS,519136,NAHARINDUS.NS,Textiles & Apparels,Other Textile Products,125.61,542.71
INE745B01028,Khaitan Chemical,KHAICHEM,507794,KHAICHEM.NS,Fertilizers & Agrochemicals,Fertilizers,55.82,541.39
INE555P01013,Kiran Vyapar,KIRANVYPAR,537750,KIRANVYPAR.NS,Finance,Non Banking Financial Company (NBFC),198,540.23
INE286H01012,VISA Chrome,VISACHROME,532721,VISACHROME.NS,Ferrous Metals,Ferro & Silica Manganese,36.99,539.28
INE037Z01029,Concord Enviro,CEWATER,544315,CEWATER.NS,Other Utilities,Waste Management,260,538.1
INE266F01018,Aptech,APTECHT,532475,APTECHT.NS,Other Consumer Services,Education,92.51,536.58
INE143A01010,Oswal Green Tech,OSWALGREEN,539290,OSWALGREEN.NS,Finance,Investment Company,20.85,535.45
INE0KNW01016,KN Agri Resource,KNAGRI,,KNAGRI.NS,Agricultural Food & other Products,Edible Oil,213.7,534.23
INE0PUC01020,Sar Televenture,SARTELE,,SARTELE.NS,Telecom - Services,Telecom - Infrastructure,105.85,530.81
INE607D01018,Orient Bell,ORIENTBELL,530365,ORIENTBELL.NS,Consumer Durables,Ceramics,359.45,528.95
INE718F01018,CSL Finance,CSLFINANCE,530067,CSLFINANCE.NS,Finance,Non Banking Financial Company (NBFC),230.17,524.39
INE577A01027,Munjal Showa,MUNJALSHOW,520043,MUNJALSHOW.NS,Auto Components,Auto Components & Equipments,131.02,524.01
INE0P0001010,Australian Prem,APS,,APS.NS,Electrical Equipment,Heavy Electrical Equipment,259.85,523.86
INE0JWS01017,Valiant Laborato,VALIANTLAB,543998,VALIANTLAB.NS,Pharmaceuticals & Biotechnology,Pharmaceuticals,95.74,519.99
INE00S901012,Nila Spaces,NILASPACES,542231,NILASPACES.NS,Realty,"Residential, Commercial Projects",13.08,515.21
INE942G01012,Mcleod Russel,MCLEODRUSS,532654,MCLEODRUSS.NS,Agricultural Food & other Products,Tea & Coffee,49.31,515.07
INE138A01028,Peninsula Land,PENINLAND,503031,PENINLAND.NS,Realty,"Residential, Commercial Projects",15.5,514.18
INE0ZK601013,CSM Technologies,CSM,544806,CSM.NS,IT - Software,Computers - Software & Consulting,99.55,513.71
INE783X01023,Chemfab Alka.,CHEMFAB,541269,CHEMFAB.NS,Chemicals & Petrochemicals,Commodity Chemicals,356.75,512.78
INE1AII01014,Iware Supplych.,IWARE,,IWARE.NS,Transport Services,Logistics Solution Provider,445,512.05
INE17GV01016,Patil Automation,PATILAUTOM,,PATILAUTOM.NS,Industrial Manufacturing,Industrial Products,234.2,511.04
INE638A01035,Singer India,SINGERIND,505729,SINGERIND.NS,Consumer Durables,Household Appliances,82,510.2
INE836F01026,Dish TV India,DISHTV,532839,DISHTV.NS,Entertainment,TV Broadcasting & Software Production,2.77,510.04
INE035S01028,POCL Enterprises,POEL,539195,POEL.NS,Chemicals & Petrochemicals,Commodity Chemicals,165.65,509.64
INE034D01049,PTL Enterprises,PTL,509220,PTL.NS,Commercial Services & Supplies,Diversified Commercial Services,38.33,507.4
INE607A01022,Primo Chemicals,PRIMO,506852,PRIMO.NS,Chemicals & Petrochemicals,Commodity Chemicals,20.89,506.25
